MA,FA,Cs,EA,Pb,Sn,Cl,Br,I,PCE,V_OC,J_SC,FF,Eg
0.6,0.39,0.01,0,1,0,0,0.025,2.975,18.7,1.07,227,0.77,1.6
0.99,0,0.01,0,1,0,0,0.03,2.97,19.4,1.1,223,0.788,1.6
0.5,0.475,0.025,0,0.5,0.5,0,0,3,19.285,0.78,321.7,0.745,1.27
0.15,0.825,0.025,0,1,0,0,0.45,2.55,19.21,1.055,225.5,0.808,1.651
0.6,0.38,0.02,0,1,0,0,0.025,2.975,19.2,1.09,227,0.78,1.6
0.98,0,0.02,0,1,0,0,0.06,2.94,20.46,1.13,228.1,0.79,1.6
0.6,0.37,0.03,0,1,0,0,0.025,2.975,18,1.1,225,0.73,1.6
0.2,0.77,0.03,0,1,0,0,0.46,2.54,11.645,1.07,214,0.585,1.5
0.16,0.81,0.03,0,1,0,0,0.5,2.5,10.8,1,160.5,0.67,1.63
0.025,0.945,0.03,0,1,0,0,0.075,2.925,16.74,1.03,234.2,0.696,1.56
0,0.97,0.03,0,1,0,0,0,3,13.4,0.94,212,0.669,1.553
0.97,0,0.03,0,1,0,0,0.09,2.91,14.58,0.984,205.2,0.722,1.6
0.16,0.8,0.04,0,1,0,0,0.5,2.5,12.2,1.01,165,0.74,1.6335
0.16,0.8,0.04,0,1,0,0,0.51,2.49,16.76,1.0465,213.05,0.737,1.61
0.14,0.82,0.04,0,1,0,0,0.42,2.58,17.82,1.1,215.9,0.75,1.58
0.16,0.8,0.04,0,1,0,0,0.49,2.51,16.8,1.078,219.8,0.7,1.62
0.57,0.38,0.05,0,1,0,0,0.2,2.8,17.02,0.101,234,0.72,1.57
0.5,0.45,0.05,0,0.5,0.5,0,0,3,17.29,0.71,320.9,0.76,1.26
0.4,0.55,0.05,0,1,0,0,2.88,0.12,15.2,1.08,31.6,0.74,1.56
0.38,0.57,0.05,0,1,0,0,0,3,19.9,1.08,232,0.79,1.54
0.45,0.5,0.05,0,0.5,0.5,0,0,3,19.4,0.83,297,0.78,1.22
0.3,0.65,0.05,0,1,0,0,0.15,2.85,18.2,1.153,235.3,0.807,1.55
0.25,0.7,0.05,0,1,0,0,0,3,19.25,1.11,234,0.739,1.51
0.2,0.75,0.05,0,1,0,0,0,3,15.61,1.06,219.35,0.67,1.52
0.19,0.76,0.05,0,1,0,0,0.3,2.7,17.3,1.08,208,0.767,1.6
0.19,0.76,0.05,0,1,0,0,0.51,2.49,14.6,1.07,195,0.704,1.65
0.19,0.76,0.05,0,1,0,0,0.6,2.4,18.25,1.13,222,0.779,1.59
0.19,0.76,0.05,0,1,0,0,0.72,2.28,14.3,1.11,175,0.733,1.68
0.19,0.76,0.05,0,1,0,0,0.9,2.1,11.2,1.13,150,0.66,1.73
0.1615,0.7885,0.05,0,1,0,0,0.3,2.7,13.15,0.955,202.5,0.725,1.565
0.1615,0.7885,0.05,0,1,0,0,0.51,2.49,15.81,1.1005,212.8,0.72,1.57
0.162,0.788,0.05,0,1,0,0,0.51,2.49,18.45,1.08,224,0.763,1.59
0.16,0.79,0.05,0,1,0,0,0.3,2.7,16.9,1.025,217,0.79,1.55
0.16,0.79,0.05,0,0.25,0.75,0,0.5,2.5,10.93,0.71,214.6,0.71,1.3
0.16,0.79,0.05,0,0.58,0.42,0,0.52,2.48,13.25,0.74,259,0.69,1.38
0.16,0.79,0.05,0,0.5,0.5,0,0.5,2.5,11.685,0.73,216,0.67,1.31
0.16,0.79,0.05,0,0.664,0.336,0,0.52,2.48,16.1,0.8,265.9,0.76,1.38
0.16,0.79,0.05,0,0.748,0.252,0,0.52,2.48,14.1,0.76,252,0.74,1.38
0.16,0.79,0.05,0,0.75,0.25,0,0.5,2.5,12.87,0.82,209.8,0.71,1.34
0.16,0.79,0.05,0,0.832,0.168,0,0.52,2.48,12.65,0.71,247.9,0.72,1.38
0.16,0.79,0.05,0,0.916,0.084,0,0.52,2.48,10.4,0.67,221,0.7,1.38
0.16,0.79,0.05,0,1,0,0,0.39,2.61,11.05,1.02,171.5,0.64,1.59
0.16,0.79,0.05,0,1,0,0,0.3,2.7,20.005,1.095,242.8,0.755,1.57
0.16,0.79,0.05,0,1,0,0,0.45,2.55,18.5,1.12,224.7,0.75,1.6
0.16,0.79,0.05,0,1,0,0,0.47,2.53,12.7,1.035,198,0.6175,1.59
0.16,0.79,0.05,0,1,0,0,0.48,2.52,15.23,1.03,215.1,0.73,1.58
0.16,0.79,0.05,0,1,0,0,0.5,2.5,15.8,1.02,212,0.73,1.63
0.16,0.79,0.05,0,1,0,0,0.51,2.49,17.065,1.09,219,0.73,1.61
0.16,0.79,0.05,0,1,0,0,0.52,2.48,9.7,0.7,198.2,0.69,1.38
0.16,0.79,0.05,0,1,0,0,0.5,2.5,16.185,1.038,236,0.714,1.57
0.16,0.79,0.05,0,1,0,0,0.99,2.01,19.16,1.3,196,0.77,1.72
0.16,0.79,0.05,0,1,0,0,1.2,1.8,14.17,1.14,171.9,0.723,1.79
0.16,0.79,0.05,0,1,0,0,1.5,1.5,11.2,1.02,163,0.68,1.85
0.16,0.79,0.05,0,1,0,0,1,2,14.93,0.98,205.5,0.734,1.61
0.16,0.79,0.05,0,1,0,0,0,3,17.8,0.99,247.95,0.725,1.55
0.16,0.79,0.05,0,0,1,0,0.5,2.5,1.585,0.43,56.7,0.52,1.45
0.1425,0.8075,0.05,0,1,0,0,0.45,2.55,18.47,1.06,228.9,0.7385,1.6185
0.15,0.8,0.05,0,1,0,0,0.45,2.55,19.14,1.149,222.05,0.745,1.6
0.14,0.81,0.05,0,1,0,0,0.39,2.61,19.93,1.16,235.7,0.72,1.59
0.14,0.81,0.05,0,1,0,0,0.42,2.58,14.03,0.99,223.1,0.64,1.61
0.14,0.81,0.05,0,1,0,0,0.45,2.55,18.66,1.09,225.8,0.755,1.6
0.14,0.81,0.05,0,1,0,0,0.4,2.6,20.35,1.142,225.3,0.793,1.61
0.12,0.83,0.05,0,1,0,0,0.36,2.64,14.775,0.9845,215.55,0.6765,1.61
0.12,0.83,0.05,0,1,0,0,0.39,2.61,16.55,1.007,224.3,0.7,1.6
0.12,0.83,0.05,0,1,0,0,0.49,2.51,14.9,1.155,210.25,0.57,1.6
0.12,0.83,0.05,0,1,0,0,0.51,2.49,15.5,1.092,203,0.7,1.63
0.1,0.85,0.05,0,1,0,0,0.03,2.97,19.13,1.08,239.9,0.738,1.598
0.1,0.85,0.05,0,1,0,0,3,0,5.67,1.4,62.4,0.65,2.28
0.15,0.8,0.05,0,1,0,0,0.15,2.85,19.53,1.165,218.9,0.765,1.622
0.15,0.8,0.05,0,1,0,0,0.45,2.55,19,1.14,216.5,0.77,1.6
0.01,0.94,0.05,0,1,0,0,0.03,2.97,18.7,1.052,249.4,0.771,1.55
0,0.95,0.05,0,1,0,0,0.15,2.85,17.42,0.922,190.2,0.612,1.48
0,0.95,0.05,0,1,0,0,0,3,18.04,1.06,233.5,0.726,1.54
0.95,0,0.05,0,1,0,0,1.2,1.8,12.1,1.18,149,0.69,1.82
0.95,0,0.05,0,1,0,0,0,3,6.29,1.01,86.9,0.72,1.51
0.16,0.78,0.06,0,1,0,0,0.51,2.49,16.7,1.11,221,0.76,1.63
0.15,0.79,0.06,0,1,0,0,0.45,2.55,17.9,1.11,231,0.716,1.6
0.15,0.79,0.06,0,1,0,0,1.8,1.2,14.4,1.175,166,0.755,1.805
0.2,0.73,0.07,0,1,0,0,0.47,2.53,18.45,1.264,228.1,0.7335,1.6
0.16,0.77,0.07,0,1,0,0,0.5,2.5,14.35,1.065,179,0.75,1.639
0.15,0.78,0.07,0,1,0,0,0.45,2.55,20.1,1.17,227.5,0.764,1.61
0.14,0.79,0.07,0,1,0,0,0.45,2.55,19.48,1.16,230.4,0.724,1.55
0,0.93,0.07,0,1,0,0,0.15,2.85,14.01,1.03,207.5,0.66,1.62
0,0.93,0.07,0,1,0,0,0,3,15.4,0.99,220,0.751,1.54
0,0.915,0.085,0,1,0,0,0.45,2.55,16.31,1.09,214.9,0.726,1.625
0.37,0.55,0.08,0,1,0,0,0,3,5,0.845,135.7,0.44,1.53
0.15,0.77,0.08,0,1,0,0,0.51,2.49,14.69,1.047,190.12,0.7355,1.6
0.14,0.78,0.08,0,1,0,0,0.42,2.58,10.35,0.73,209.1,0.71,1.61
0,0.92,0.08,0,1,0,0,0,3,22,,,,1.51
0.33,0.58,0.09,0,1,0,0,0.65,2.35,18.3,1.1,230,0.76,1.59
0.91,0,0.09,0,1,0,0,0,3,17.8,1.055,224.95,0.75,1.59
0.15,0.75,0.1,0,1,0,0,0.51,2.49,19.4,1.1445,224.5,0.755,1.63
0.09,0.81,0.1,0,1,0,0,0.03,2.97,20.45,1.1,244.7,0.758,1.6
0.07,0.83,0.1,0,1,0,0,0.51,2.49,16.2,1.071,210,0.72,1.63
0.9,0,0.1,0,1,0,0,0,3,7.68,1.05,101,0.73,1.54
0.89,0,0.11,0,1,0,0,0,3,17.76,1.03,226.9,0.76,1.62
0,0.875,0.125,0,1,0,0,0.375,2.625,17.71,1.0945,216.015,0.7335,1.57
0.38,0.5,0.12,0,1,0,0,0.96,2.04,12.445,1.145,169.65,0.641,1.72
0.05,0.83,0.12,0,1,0,0,1.2,1.8,19.1,1.25,190,0.815,1.74
0,0.87,0.13,0,1,0,0,1,2,14.4,1.08,179.8,0.741,1.72
0.03,0.83,0.14,0,1,0,0,0.51,2.49,16.3,1.083,209,0.72,1.63
0.3,0.55,0.15,0,1,0,0,0.6,2.4,14.4,1.12,185,0.691,1.68
0.2,0.65,0.15,0,1,0,0,0.6,2.4,18.3,1.1535,204,0.783,1.68
0.2,0.65,0.15,0,1,0,0,0.6,2.4,16,1.14,199,0.718,1.67
0.17,0.68,0.15,0,1,0,0,0.3,2.7,16.2,1.06,212,0.722,1.63
0.17,0.68,0.15,0,1,0,0,0.51,2.49,16.8,1.09,203,0.757,1.65
0.17,0.68,0.15,0,1,0,0,0.6,2.4,16.1,1.1,199,0.737,1.68
0.17,0.68,0.15,0,1,0,0,0.72,2.28,14.9,1.09,187,0.724,1.71
0.17,0.68,0.15,0,1,0,0,0.9,2.1,14.4,1.11,180,0.719,1.74
0.14,0.71,0.15,0,1,0,0,0.9,2.1,17.8,1.185,189.5,0.795,1.7
0.1,0.75,0.15,0,1,0,0,0.6,2.4,16,1.11,189,0.765,1.66
0.1,0.75,0.15,0,1,0,0,0.1,2.9,20.2,1.13,234.9,0.77,1.57
0.1,0.75,0.15,0,1,0,0,0,3,19.725,1.13,230.4,0.7605,1.554
0.09,0.76,0.15,0,1,0,0,0.03,2.97,16.46,1.05,225.3,0.698,1.599
0,0.85,0.15,0,0.375,0.625,0,0,3,13.5,0.76,246,0.7,1.24
0,0.85,0.15,0,1,0,0,0.12,2.88,20,1.117,227.4,0.781,1.6
0,0.85,0.15,0,1,0,0,0.15,2.85,15,1,224,0.74,1.59
0,0.85,0.15,0,1,0,0,0.3,2.7,18.935,1.1015,226.7,0.76,1.58
0,0.85,0.15,0,1,0,0,0.45,2.55,16.26,1.011,222.4,0.7195,1.535
0,0.85,0.15,0,1,0,0,0.6,2.4,19.07,1.146,213.1,0.7805,1.626
0,0.85,0.15,0,1,0,0,0.81,2.19,15.55,1.18,190.65,0.6935,1.72
0,0.85,0.15,0,1,0,0,0.87,2.13,12.1,1.21,151,0.709,1.72
0,0.85,0.15,0,1,0,0,0.9,2.1,18.23,1.188,199.3,0.769,1.7
0,0.85,0.15,0,1,0,0,1.2,1.8,16.74,1.202,180.5,0.7655,1.752
0,0.85,0.15,0,1,0,0,2.1,0.9,10.7,1.2,114,0.778,2
0,0.85,0.15,0,1,0,0,0,3,15.2,0.999,214,0.697,1.54
0.85,0,0.15,0,1,0,0,0.45,2.55,10.39,1.09,131.6,0.73,1.71
0.85,0,0.15,0,1,0,0,1.2,1.8,8.1,0.98,129,0.64,1.82
0.85,0,0.15,0,1,0,0,0,3,12.44,0.99,163.9,0.76,1.59
0.04,0.8,0.16,0,1,0,0,1.5,1.5,14.33,1.2,145.3,0.82,1.82
0.04,0.8,0.16,0,1,0,0,1.71,1.29,13.19,1.21,134.2,0.814,1.89
0.04,0.8,0.16,0,1,0,0,1.83,1.17,12.75,1.23,127.9,0.812,1.91
0.08,0.75,0.17,0,1,0,0,0.39,2.61,9.615,0.925,188,0.5555,1.61
0,0.83,0.17,0,0.3,0.7,0,0,3,9.3,0.685,210.5,0.592,1.25
0,0.83,0.17,0,0.4,0.6,0,0,3,9.95,0.625,244,0.5495,1.25
0,0.83,0.17,0,0.5,0.5,0,0,3,12.1,0.725,235,0.5715,1.26
0,0.83,0.17,0,0.6,0.4,0,0,3,10.1,0.725,203,0.5695,1.275
0,0.83,0.17,0,0.7,0.3,0,0,3,14.25,0.785,250.5,0.6965,1.32
0,0.83,0.17,0,0.8,0.2,0,0,3,6.75,0.74,127.5,0.598,1.35
0,0.83,0.17,0,0.95,0.05,0,0,3,6.5,0.71,160.5,0.53,1.485
0,0.83,0.17,0,0.98,0.02,0,0,3,6.5,0.735,148,0.5915,1.51
0,0.83,0.17,0,0.995,0.005,0,0,3,6.3,0.805,117.5,0.6775,1.53
0,0.83,0.17,0,0.99999,1E-05,0,0,3,15,0.965,205.5,0.7305,1.545
0,0.83,0.17,0,0.9999,0.0001,0,0,3,14.3,0.95,200,0.7435,1.535
0,0.83,0.17,0,0.999,0.001,0,0,3,7.9,0.91,121.5,0.7,1.53
0,0.83,0.17,0,0.99,0.01,0,0,3,6.35,0.775,130,0.648,1.52
0,0.83,0.17,0,0.9,0.1,0,0,3,9.35,0.74,190,0.6305,1.44
0,0.83,0.17,0,1,0,0,0.51,2.49,15.4,1.02,205,0.71,1.63
0,0.83,0.17,0,1,0,0,0.6,2.4,18.5,1.115,224,0.775,1.61
0,0.83,0.17,0,1,0,0,0.75,2.25,15.85,1.115,182.5,0.77,1.715
0,0.83,0.17,0,1,0,0,0.81,2.19,14.3,1.09,182,0.71,1.7
0,0.83,0.17,0,1,0,0,0.8,2.2,15.87,1.194,193.7,0.687,1.72
0,0.83,0.17,0,1,0,0,1.2,1.8,15.2,1.15,187,0.727,1.74
0,0.83,0.17,0,1,0,0,1.5,1.5,12.29,1.175,158,0.692,1.86
0,0.83,0.17,0,1,0,0,1.8,1.2,13.3,1.286,147,0.704,1.93
0,0.83,0.17,0,1,0,0,1,2,16.24,1.19,195.6,0.76,1.67
0,0.83,0.17,0,1,0,0,0,3,15.4,0.97,212,0.72,1.55
0.83,0,0.17,0,1,0,0,0,3,18.12,1.04,229.2,0.76,1.633
0.8,0.1,0.1,0,1,0,0,0,3,14.4,1.035,197.2,0.714,1.5
0.7,0.2,0.1,0,1,0,0,0,3,17.5,1.12,210,0.71,1.62
0.54,0.36,0.1,0,1,0,0,0.2,2.8,10.57,0.018,9.03,0.66,1.59
0.36,0.54,0.1,0,1,0,0,0,3,19.4,1.082,233,0.8,1.51
0.153,0.747,0.1,0,1,0,0,0.51,2.49,19.6,1.14,223,0.77,1.73
0.15,0.75,0.1,0,0.25,0.75,0,0.5,2.5,9.73,0.68,201.9,0.66,1.29
0.15,0.75,0.1,0,0.5,0.5,0,0.5,2.5,12.215,0.72,231.4,0.65,1.31
0.15,0.75,0.1,0,0.75,0.25,0,0.5,2.5,14.66,0.83,223.9,0.73,1.36
0.15,0.75,0.1,0,1,0,0,0.45,2.55,13.7,0.931,206,0.711,1.63
0.15,0.75,0.1,0,1,0,0,0.51,2.49,16.3,1.049,207,0.75,1.63
0.15,0.75,0.1,0,1,0,0,0.5,2.5,12.08,1.025,162.6,0.72,1.61
0.15,0.75,0.1,0,1,0,0,1,2,17.345,1.16,183.6,0.741,1.735
0.15,0.75,0.1,0,0,1,0,0.5,2.5,2.62,0.41,89.8,0.65,1.44
0.135,0.765,0.1,0,1,0,0,0.45,2.55,15.71,1.061,212.8,0.696,1.611
0.14,0.76,0.1,0,1,0,0,0.51,2.49,18.4,1.098,221,0.775,1.61
0.09,0.81,0.1,0,1,0,0,0.1,2.9,21.7,1.13,241,0.81,1.55
0,0.9,0.1,0,1,0,0,0.09,2.91,16.5,1.03,225,0.71,1.54
0,0.9,0.1,0,1,0,0,0.13,2.87,17.04,1.08,195.9,0.803,1.645
0,0.9,0.1,0,1,0,0,0.1,2.9,17.72,1.024,226.2,0.765,1.55
0,0.9,0.1,0,1,0,0,0.3,2.7,17.42,1.07,224,0.762,1.55
0,0.9,0.1,0,1,0,0,0.6,2.4,15.4,1.14,200,0.71,1.61
0,0.9,0.1,0,1,0,0,0.9,2.1,18.62,1.1725,203.35,0.781,1.678
0,0.9,0.1,0,1,0,0,3,0,6.21,1.234,70.7,0.711,2.277
0,0.9,0.1,0,1,0,0,0,3,16.015,1.02,233,0.729,1.509
0.9,0,0.1,0,0.25,0.75,0,0,3,6.38,0.48,218.4,0.609,1.27
0.9,0,0.1,0,0.5,0.5,0,0,3,10.07,0.7,233.2,0.617,1.29
0.9,0,0.1,0,0.75,0.25,0,0,3,14.55,0.84,228,0.76,1.39
0.9,0,0.1,0,1,0,0,1.2,1.8,12.8,1.2,151,0.69,1.82
0.9,0,0.1,0,1,0,0,1,2,16.1,1.13,173,0.822,1.77
0.9,0,0.1,0,1,0,0,0,3,13.955,1,197.7,0.742,1.606
0.9,0,0.1,0,0,1,0,0,3,0.33,0.2,45.3,0.364,1.305
0.8,0,0.2,0,1,0,0,0,3,4.58,1.04,67.6,0.65,1.57
0,0.78,0.22,0,1,0,0,0.45,2.55,20.39,1.204,207.2,0.817,1.68
0.77,0,0.23,0,1,0,0,0,3,18.95,1.07,228.4,0.775,1.644
0.15,0.6,0.25,0,1,0,0,0.3,2.7,17.1,1.07,199,0.805,1.64
0.15,0.6,0.25,0,1,0,0,0.51,2.49,13.8,1.13,181,0.674,1.68
0.15,0.6,0.25,0,1,0,0,0.6,2.4,14.1,1.12,178,0.705,1.7
0.15,0.6,0.25,0,1,0,0,0.72,2.28,15.3,1.12,179,0.764,1.72
0.15,0.6,0.25,0,1,0,0,0.9,2.1,13.6,1.17,167,0.696,1.76
0,0.75,0.25,0,0.5,0.5,0,0,3,13.1,0.72,267,0.71,1.24
0,0.75,0.25,0,1,0,0,0.3,2.7,16.65,1.081,221.7,0.725,1.57
0,0.75,0.25,0,1,0,0,0.51,2.49,12.4,1.021,209,0.58,1.63
0,0.75,0.25,0,1,0,0,0.6,2.4,14.6,1.166,172,0.726,1.7
0,0.75,0.25,0,1,0,0,0.6,2.4,18.43,1.154,196.6,0.78,1.68
0,0.75,0.25,0,1,0,0,0.9,2.1,17.29,1.203,184.8,0.756,1.729
0,0.75,0.25,0,1,0,0,0,3,9.28,1.11,159.95,0.66,1.575
0.6,0.2,0.2,0,1,0,0,0,3,20.1,1.13,230,0.75,1.64
0.48,0.32,0.2,0,1,0,0,0.2,2.8,7.64,0.013,8.89,0.68,1.607
0.14,0.66,0.2,0,0.25,0.75,0,0.5,2.5,10.39,0.7,207.4,0.67,1.28
0.14,0.66,0.2,0,0.5,0.5,0,0.5,2.5,10.4,0.75,220.7,0.61,1.31
0.14,0.66,0.2,0,0.75,0.25,0,0.5,2.5,9.96,0.78,175,0.69,1.38
0.14,0.66,0.2,0,1,0,0,0.5,2.5,8.575,1.04,118.5,0.64,1.6
0.14,0.66,0.2,0,0,1,0,0.5,2.5,0.23,0.39,13.4,0.41,1.42
0.08,0.72,0.2,0,1,0,0,0.03,2.97,15.2,1.01,218.2,0.68,1.62
0.05,0.75,0.2,0,1,0,0,0.51,2.49,15.2,1.022,207,0.72,1.63
0,0.8,0.2,0,0.25,0.75,0,0,3,7.83,0.56,244.4,0.572,1.2
0,0.8,0.2,0,0.3,0.7,0,0,3,13.5,0.76,251,0.76,1.35
0,0.8,0.2,0,0.5,0.5,0,0,3,12.815,0.735,249.5,0.6865,1.31
0,0.8,0.2,0,0.75,0.25,0,0,3,14.46,0.84,227.3,0.757,1.35
0,0.8,0.2,0,1,0,0.09,0.45,2.46,20.085,1.21,207.85,0.8145,1.66
0,0.8,0.2,0,1,0,0,0.6,2.4,17.695,1.13,208.3,0.788,1.68
0,0.8,0.2,0,1,0,0,0.75,2.25,17.6,1.17,204,0.773,1.67
0,0.8,0.2,0,1,0,0,0.9,2.1,15.95,1.189,179.2,0.748,1.75
0,0.8,0.2,0,1,0,0,1.05,1.95,12.1,1.08,151,0.73,1.76
0,0.8,0.2,0,1,0,0,1.2,1.8,15.2,1.216,156,0.775,1.82
0,0.8,0.2,0,1,0,0,1.5,1.5,11.35,1.18,130.2,0.739,1.82
0,0.8,0.2,0,1,0,0,0,3,15.72,1.015,228.6,0.6835,1.59
0,0.8,0.2,0,0,1,0,0,3,1.38,0.24,160.5,0.358,1.2
0.8,0,0.2,0,0.5,0.5,0,0,3,7.5,0.6,205.8,0.607,1.3
0.8,0,0.2,0,1,0,0,0,3,11.15,0.92,175,0.69,1.62
0,0.7,0.3,0,1,0,0,0,3,15.86,1.01,207.1,0.758,1.58
0.7,0,0.3,0,1,0,0,0,3,3.78,1.04,58.5,0.62,1.58
0.66,0,0.34,0,1,0,0,0,3,17.13,1.05,220.4,0.74,1.652
0.5,0.2,0.3,0,1,0,0,0,3,14.2,1.14,117.2,0.71,1.64
0,0.7,0.3,0,0.7,0.3,0,0,3,13.735,0.7,249.65,0.7585,1.3
0,0.7,0.3,0,1,0,0,0.15,2.85,16.54,1.05,216.2,0.73,1.62
0,0.7,0.3,0,1,0,0,3,0,7.395,1.3395,70.85,0.779,2.287
0,0.7,0.3,0,1,0,0,0,3,8.7,0.99,134,0.66,1.523
0.7,0,0.3,0,0.5,0.5,0,0,3,2.94,0.39,149.6,0.504,1.28
0.6,0,0.4,0,1,0,0,0,3,2.5,1.03,42.6,0.57,1.62
0,0.55,0.45,0,1,0,0,0.15,2.85,13.14,1.01,203.7,0.64,1.62
0.4,0.2,0.4,0,1,0,0,0,3,11.3,1.15,143,0.67,1.64
0,0.6,0.4,0,1,0,0,0.9,2.1,14.5,1.14,158,0.78,1.76
0,0.6,0.4,0,1,0,0,1.05,1.95,15.5,1.21,165,0.77,1.8
0.1,0.4,0.5,0,1,0,0,0.51,2.49,13.3,1.089,158,0.78,1.7
0,0.5,0.5,0,1,0,0,0.51,2.49,8.5,0.846,176,0.57,1.62
0,0.5,0.5,0,1,0,0,0,3,15.8,1.155,179,0.7415,1.64
0.4,0,0.6,0,1,0,0,0,3,0.79,1.01,15,0.52,1.68
0,0.25,0.75,0,1,0,0,0,3,10.965,1.15,154.3,0.62,1.685
0.2,0,0.8,0,1,0,0,0,3,0.22,0.84,0.58,0.46,1.72
0,0.12,0.88,0,1,0,0,0,3,17.49,1.013,228.6,0.765,1.51
0,0.2,0.8,0,1,0,0,0.9,2.1,16.1,1.17,178.8,0.782,1.73
0,0,1,0,0.1,0.9,0,0,3,0.4,0.206,1.77,0.31,1.22
0,0,1,0,0.3,0.7,0,0,3,0.28,0.477,3.9,0.46,1.29
0,0,1,0,0.6,0.4,0,0,3,12.51,0.735,245.7,0.624,1.38
0,0,1,0,0.9,0.1,0,2,1,10.715,1.265,143.9,0.615,1.79
0,0,1,0,1,0,0,1,2,1.56,0.71,79.4,0.282,1.92
0,0,1,0,1,0,0,0.09,2.91,0.7,0.29,99,0.242,1.77
0,0,1,0,1,0,0,0.15,2.85,12.71,1.012,188.7,0.7015,1.7
0,0,1,0,1,0,0,0.21,2.79,5.82,0.91,143.7,0.444,1.81
0,0,1,0,1,0,0,0.2,2.8,10.875,1.055,155.65,0.7445,1.82
0,0,1,0,1,0,0,0.31,2.69,8.645,1.02,124.6,0.6825,1.75
0,0,1,0,1,0,0,0.45,2.55,15.9,1.12,163.6,0.769,1.84
0,0,1,0,1,0,0,2.7,0.3,1.89,0.995,40.85,0.485,2.32
0,0,1,0,1,0,0,2.8,0.2,2.575,1.085,44.4,0.525,2.35
0,0,1,0,1,0,0,2.9,0.1,3.06,1.175,46.6,0.565,2.38
0,0,1,0,1,0,0,2,1,6.135,1.141,84.2,0.62,2.07
0,0,1,0,1,0,0,3,0,6.61,1.36,67.5,0.753,2.3
0,0,1,0,1,0,0,1,2,11.495,1.15,143.3,0.719,1.91
0,0,1,0,1,0,0,0,3,10.7,1.05,159,0.66,1.72
0,0,1,0,0,1,0,0.5,2.5,1.6,0.444,65.76,0.55,1.375
0,0,1,0,0,1,0,0.6,2.4,2.02,0.563,62.25,0.577,1.4
0,0,1,0,0,1,0,2.5,0.5,0,0.572,0.1,0.372,2.36
0,0,1,0,0,1,0,2,1,1.32,0.443,74.915,0.489,1.64
0,0,1,0,0,1,0,3,0,0.355,0.4225,16.5,0.5205,1.8
0,0,1,0,0,1,0,1,2,1.67,0.289,150.6,0.38,1.37
0,0,1,0,0,1,0,0,3,1.66,0.38,93,0.468,1.3
0.9,0,0,0.1,1,0,0,0,3,14.01,1.01,201.2,0.692,1.59
0.8,0,0,0.2,1,0,0,0,3,13.31,1.02,192.8,0.701,1.59
0.7,0,0,0.3,1,0,0,0,3,13.28,1.04,192.1,0.672,1.59
0.6,0,0,0.4,1,0,0,0,3,8.95,0.96,182,0.522,1.59
0.5,0,0,0.5,1,0,0,3,0,3,1.49,31.7,0.585,2.38
0.5,0,0,0.5,1,0,0,0,3,7.21,1.03,145.2,0.497,1.59
0.974,0.026,0,0,1,0,0,0,3,19.47,1.043,246.7,0.764,1.516
0.98,0.02,0,0,1,0,0,0,3,13.13,0.99,181.8,0.728,1.51
0.95,0.05,0,0,1,0,0,0,3,15.625,1.034,219.1,0.682,1.5
0.875,0.125,0,0,1,0,0,1,2,13.93,1.151,168.4,0.718,1.71
0.875,0.125,0,0,1,0,0,0,3,18.01,1.08,219.7,0.759,1.55
0.85,0.15,0,0,1,0,0,2.55,0.45,13.2,1.04,191,0.66,1.53
0.85,0.15,0,0,1,0,0,0,3,21.4,1.12,238.5,0.79,1.63
0.83,0.17,0,0,1,0,0,0.5,2.5,16.01,1.042,227.37,0.676,1.625
0.83,0.17,0,0,1,0,0,1.5,1.5,8.68,1.069,103.29,0.789,1.858
0.83,0.17,0,0,1,0,0,2.5,0.5,2.31,0.951,28.27,0.859,2.153
0.83,0.17,0,0,1,0,0,2,1,3.48,0.939,50.95,0.736,1.989
0.83,0.17,0,0,1,0,0,3,0,7.07,1.372,62.61,0.815,2.296
0.83,0.17,0,0,1,0,0,1,2,12.22,1.125,167.07,0.647,1.764
0.83,0.17,0,0,1,0,0,0,3,11.78,1.046,187.68,0.599,1.588
0.9,0.1,0,0,0.9,0.1,0,0,3,12.1,0.77,212.3,0.75,1.44
0.9,0.1,0,0,1,0,0,2.7,0.3,0.21,0.36,19.3,0.3,2.14
0.9,0.1,0,0,1,0,0,0,3,15.46,1.025,210.45,0.69,1.565
0.75,0.25,0,0,0.75,0.25,0,0,3,12.44,0.78,245,0.75,1.33
0.75,0.25,0,0,1,0,0,0,3,13.03,0.877,221.5,0.671,1.54
0.75,0.25,0,0,0,1,0,0,3,5.43,0.53,207,0.524,1.3
0.8,0.2,0,0,1,0,0,0,3,14.64,1.005,196,0.705,1.565
0.7,0.3,0,0,0.3,0.7,0,0,3,12,0.74,270,0.6,1.33
0.7,0.3,0,0,1,0,0,0,3,16.175,1.03,218.95,0.705,1.55
0.7,0.3,0,0,1,0,0,0.15,2.85,16.72,1.06,204.8,0.77,1.6
0.7,0.3,0,0,1,0,0,0.3,2.7,17.34,1,215.7,0.78,1.59
0.7,0.3,0,0,1,0,0,0.45,2.55,16.4,1.11,189.4,0.78,1.66
0.7,0.3,0,0,1,0,0,0.6,2.4,15.01,1.11,173.4,0.78,1.69
0.7,0.3,0,0,1,0,0,2.1,0.9,0.85,0.82,20,0.51,2.03
0.7,0.3,0,0,1,0,0,0,3,17.27,1.06,225.3,0.73,1.58
0.56,0.44,0,0,1,0,0,0.33,2.67,14,1.01,190.35,0.748,1.62
0.52,0.48,0,0,1,0,0,0,3,17.94,1.08,228.95,0.725,1.62
0.6,0.4,0,0,0.4,0.6,0,0,3,14,0.75,288,0.66,1.3
0.6,0.4,0,0,1,0,0,0.025,2.975,16.4,1.06,215,0.72,1.6
0.6,0.4,0,0,1,0,0,0.1,2.9,16.8,1.045,214,0.7425,1.56
0.6,0.4,0,0,1,0,0,0.2,2.8,15.1,1.03,215.7,0.71,1.58
0.6,0.4,0,0,1,0,0,0.6,2.4,13.35,1.065,176,0.71,1.68
0.6,0.4,0,0,1,0,0,0,3,13.4,0.9995,210.8,0.659,1.54
0.5,0.5,0,0,0.5,0.5,0,0,3,13.93,0.73,283.8,0.7,1.25
0.5,0.5,0,0,0.75,0.25,0,0,3,14,0.78,230.3,0.79,1.33
0.5,0.5,0,0,1,0,0,0.5,2.5,12.87,1.04,203.63,0.608,1.612
0.5,0.5,0,0,1,0,0,1.5,1.5,6.11,0.949,89.735,0.44,1.8325
0.5,0.5,0,0,1,0,0,2.5,0.5,3.9,0.978,68.68,0.582,2.141
0.5,0.5,0,0,1,0,0,2,1,7.88,1.035,126.23,0.603,1.957
0.5,0.5,0,0,1,0,0,3,0,7.1,1.385,70.37,0.728,2.28
0.5,0.5,0,0,1,0,0,1,2,15.33,1.104,200.36,0.685,1.751
0.5,0.5,0,0,1,0,0,0,3,9.81,0.9,194.9,0.604,1.6
0.5,0.5,0,0,0,1,0,0,3,4.07,0.63,134.8,0.477,1.38
0.35,0.65,0,0,1,0,0,0,3,11.04,0.98,194.3,0.58,1.52
0.34,0.66,0,0,0.25,0.75,0,0,3,7.1,0.5,222,0.63,1.26
0.34,0.66,0,0,0.4,0.6,0,0,3,13.4,0.72,265,0.7,1.25
0.34,0.66,0,0,0.5,0.5,0,0,3,14.3,0.75,271,0.71,1.26
0.34,0.66,0,0,0.6,0.4,0,0,3,13.3,0.75,248,0.72,1.29
0.34,0.66,0,0,0.75,0.25,0,0,3,12,0.75,211,0.75,1.32
0.34,0.66,0,0,1,0,0,0.42,2.58,16.9,1.04,221,0.74,1.62
0.34,0.66,0,0,1,0,0,0,3,16.3,1.005,223,0.76,1.533
0.34,0.66,0,0,0,1,0,0,3,0.1,0.19,9,0.52,1.45
0.33,0.67,0,0,1,0,0,0.5,2.5,19.93,1.1165,232.415,0.7605,1.638
0.33,0.67,0,0,1,0,0,1.5,1.5,11.7,1.114,153.29,0.687,1.848
0.33,0.67,0,0,1,0,0,2.5,0.5,3.4,0.921,72.48,0.513,2.115
0.33,0.67,0,0,1,0,0,2,1,5.64,0.999,95.49,0.592,1.969
0.33,0.67,0,0,1,0,0,3,0,5.53,1.351,69.87,0.582,2.28
0.33,0.67,0,0,1,0,0,1,2,18.54,1.151,214.35,0.748,1.682
0.33,0.67,0,0,1,0,0,0,3,13.86,0.971,227.04,0.628,1.528
0.4,0.6,0,0,0.4,0.6,0,0.12,2.88,18.44,0.87,286.8,0.739,1.26
0.4,0.6,0,0,0.4,0.6,0,0.18,2.82,18.625,0.885,286.55,0.7445,1.272
0.4,0.6,0,0,0.4,0.6,0,0.24,2.76,18.58,0.882,285.4,0.738,1.28
0.4,0.6,0,0,0.4,0.6,0,0.3,2.7,10.25,0.69,246.6,0.69,1.33
0.4,0.6,0,0,0.4,0.6,0,0.48,2.52,17.84,0.884,279.5,0.722,1.32
0.4,0.6,0,0,0.4,0.6,0,0,3,16.99,0.827,283.6,0.7115,1.25
0.4,0.6,0,0,0.6,0.4,0,0,3,15.2,0.76,313,0.64,1.25
0.4,0.6,0,0,1,0,0,0.4,2.6,16.35,1.04,209,0.75,1.58
0.4,0.6,0,0,1,0,0,0,3,14.305,0.98,214.45,0.68,1.545
0.29,0.71,0,0,1,0,0,0.42,2.58,20.15,1.105,227.5,0.8,1.62
0.25,0.75,0,0,0.75,0.25,0,0,3,7.53,0.7,165.5,0.65,1.33
0.25,0.75,0,0,1,0,0,0.45,2.55,18.2,1.05,223,0.78,1.62
0.25,0.75,0,0,1,0,0,0.51,2.49,10.1,0.906,186,0.6,1.65
0.25,0.75,0,0,1,0,0,0.75,2.25,14.95,1.075,195.5,0.7115,1.61
0.25,0.75,0,0,1,0,0,0,3,9.26,0.831,179.4,0.621,1.53
0.25,0.75,0,0,0,1,0,0,3,6.6,0.52,200,0.64,1.36
0.3,0.7,0,0,0.5,0.5,0,0,3,17.6,0.7985,307,0.7,1.25
0.3,0.7,0,0,0.7,0.3,0,0,3,9.7,0.72,190,0.65,1.26
0.3,0.7,0,0,1,0,0,0.1,2.9,17.4,1.06,234,0.715,1.58
0.3,0.7,0,0,1,0,0,0.9,2.1,1.48,0.8,34,0.55,1.71
0.3,0.7,0,0,1,0,0,0,3,15.23,1.05,230.5,0.651,1.6
0.19,0.81,0,0,1,0,0,0.54,2.46,12.55,1.2,160,0.65,1.62
0.18,0.82,0,0,1,0,0,0.53,2.47,11.1,1.145,156.5,0.615,1.64
0.17,0.83,0,0,1,0,0,0.03,2.97,15.9,1.1,201,0.75,1.6
0.17,0.83,0,0,1,0,0,0.33,2.67,19.37,1.04,244.8,0.76,1.59
0.17,0.83,0,0,1,0,0,0.39,2.61,16.75,1.0475,153.5,0.68,1.6
0.17,0.83,0,0,1,0,0,0.46,2.54,18,1.12,210,0.75,1.57
0.17,0.83,0,0,1,0,0,0.47,2.53,17.31,1.1,223.5,0.702,1.61
0.17,0.83,0,0,1,0,0,0.49,2.51,16.08,1.08,223.1,0.68,1.6
0.17,0.83,0,0,1,0,0,0.5,2.5,11.65,0.99,158,0.73,1.627
0.17,0.83,0,0,1,0,0,0.51,2.49,15.71,1.06,205,0.7055,1.62
0.17,0.83,0,0,1,0,0,0.52,2.48,13.35,1.125,185.5,0.655,1.64
0.17,0.83,0,0,1,0,0,0.5,2.5,16.73,1.085,214.5,0.691,1.6
0.17,0.83,0,0,1,0,0,1.2,1.8,14.9,1.135,182.5,0.715,1.72
0.17,0.83,0,0,1,0,0,1.5,1.5,10.655,1.0975,155.535,0.627,1.853
0.17,0.83,0,0,1,0,0,2.5,0.5,3.3,0.878,88.43,0.425,2.113
0.17,0.83,0,0,1,0,0,2,1,5.81,0.975,111.45,0.535,1.976
0.17,0.83,0,0,1,0,0,3,0,6.54,1.423,70.04,0.654,2.278
0.17,0.83,0,0,1,0,0,1,2,14.72,1.178,190.96,0.652,1.684
0.17,0.83,0,0,1,0,0,0,3,14.52,0.921,215.03,0.613,1.535
0.16,0.84,0,0,1,0,0,0.4,2.6,18.885,1.089,223.6,0.771,1.53
0.16,0.84,0,0,1,0,0,0.5,2.5,13.1,1.01,216.5,0.605,1.65
0.16,0.84,0,0,1,0,0,0.51,2.49,15.95,1.1,218.5,0.675,1.64
0.15,0.85,0,0,1,0,0,0.45,2.55,16.835,1.1,221.4,0.771,1.59
0.15,0.85,0,0,1,0,0,0.21,2.79,16.82,1.05,228.2,0.702,1.56
0.15,0.85,0,0,1,0,0,0.45,2.55,15.735,1.06,213.2,0.706,1.6
0.15,0.85,0,0,1,0,0,0.5,2.5,17.55,1.12,216.5,0.72,1.65
0.15,0.85,0,0,1,0,0,0.5,2.5,8.77,0.945,159.8,0.581,1.627
0.15,0.85,0,0,1,0,0,0.6,2.4,20.22,1.14,233,0.761,1.616
0.15,0.85,0,0,1,0,0,0,3,19.69,1.09,240.7,0.761,1.555
0.13,0.87,0,0,1,0,0,0,3,18.09,1.0885,221,0.752,1.5
0.12,0.88,0,0,1,0,0,0,3,16.6,1.06,233,0.725,1.53
0.2,0.8,0,0,0.8,0.2,0,0,3,6,0.53,272,0.4,1.27
0.2,0.8,0,0,1,0,0,0.2,2.8,12.75,0.955,190.5,0.665,1.53
0.2,0.8,0,0,1,0,0,0.6,2.4,16.4,0.98,217,0.758,1.61
0.2,0.8,0,0,1,0,0,0.6,2.4,13.74,1.08,197.7,0.668,1.5
0.2,0.8,0,0,1,0,0,0,3,18,1.05,228,0.759,1.35
0.08,0.92,0,0,1,0,0,0.24,2.76,20.7,1.1,240,0.785,1.56
0.08,0.92,0,0,1,0,0,0,3,21.37,1.12,242.4,0.791,1.55
0.05,0.95,0,0,1,0,0,0.15,2.85,20.1,1.085,234,0.8025,1.52
0.04,0.96,0,0,1,0,0,0.12,2.88,15.87,1.06,213.4,0.7,1.48
0.025,0.975,0,0,1,0,0,0,3,19.16,1.08,231.3,0.77,1.48
0.024,0.976,0,0,1,0,0,0.075,2.925,19.65,1.1,248.5,0.719,1.54
0.1,0.9,0,0,1,0,0,0.03,2.97,17.62,1.05,236,0.712,1.581
0.1,0.9,0,0,1,0,0,0.1,2.9,18.8,1.06,230.5,0.771,1.56
0.1,0.9,0,0,1,0,0,0.3,2.7,15.99,1.04,225,0.67,1.5
0.1,0.9,0,0,1,0,0,0,3,17.845,1.06,232.9,0.778,1.525
0,1,0,0,0.125,0.875,0,0,3,0.05,0.06,29.46,0.328,1.25
0,1,0,0,0.25,0.75,0,0,3,5.27,0.46,204.3,0.561,1.26
0,1,0,0,0.2,0.8,0,0,3,3.54,0.45,162,0.476,1.29
0,1,0,0,0.375,0.625,0,0,3,6.19,0.537,176.35,0.545,1.21
0,1,0,0,0.4,0.6,0,0,3,7.89,0.602,253.8,0.516,1.29
0,1,0,0,0.5,0.5,0,0,3,10.055,0.6905,263.1,0.585,1.195
0,1,0,0,0.625,0.375,0,0,3,6.55,0.679,118.13,0.738,1.24
0,1,0,0,0.75,0.25,0,0,3,8.795,0.75,187.8,0.647,1.38
0,1,0,0,0.7,0.3,0,0,3,12.69,0.73,238.65,0.735,1.34
0,1,0,0,0.875,0.125,0,0,3,0.54,0.394,27.06,0.314,1.33
0,1,0,0,0.9,0.1,0,0,3,3.695,0.6055,198.95,0.305,1.43
0,1,0,0,1,0,0,0,3,6.84,0.85,169.3,0.475,1.48
0,1,0,0,1,0,0,0.15,2.85,12.48,0.99,198.2,0.63,1.62
0,1,0,0,1,0,0,0.5,2.5,9.57,1.202,142.65,0.559,1.965
0,1,0,0,1,0,0,0.6,2.4,9.1,1,136,0.67,1.57
0,1,0,0,1,0,0,1.5,1.5,8.92,1.0585,135.15,0.5835,1.93
0,1,0,0,1,0,0.9,2.1,0,2.38,1.14,34.3,0.61,2.44
0,1,0,0,1,0,0.75,2.25,0,3.79,1.23,48.4,0.64,2.39
0,1,0,0,1,0,0.57,2.43,0,7.08,1.54,71,0.73,2.36
0,1,0,0,1,0,0,2.5,0.5,5.01,1.061,96.71,0.488,2.105
0,1,0,0,1,0,0.33,2.67,0,8.22,1.49,75.1,0.73,2.3
0,1,0,0,1,0,1,2,0,1.35,1.06,24.5,0.52,2.48
0,1,0,0,1,0,0,2,1,7.52,1.138,127.69,0.518,1.969
0,1,0,0,1,0,0,3,0,5.5,1.32,66,0.67,2.27
0,1,0,0,1,0,0,1,2,1.9,0.986,38.86,0.498,2.268
0,1,0,0,1,0,0,0,3,12.805,0.997,205,0.654,1.48
0,1,0,0,0,1,0,0,3,3.76,0.328,230.4,0.547,1.4
0,1,0,0,0,1,0,0.24,2.76,3.3,0.3,185,0.57,1.47
0,1,0,0,0,1,0,0.5,2.5,3.75,0.345,175,0.6,1.53
0,1,0,0,0,1,0,0.75,2.25,4.575,0.392,184,0.6545,1.63
0,1,0,0,0,1,0,3,0,2.56,0.35,101.9,0.71,1.6
0,1,0,0,0,1,0,1,2,4.79,0.47,171.3,0.614,1.55
0,1,0,0,0,1,0,0,3,3.71,0.33,185.4,0.588,1.4
1,0,0,0,0.125,0.875,0,0,3,1.53,0.238,142,0.45,1.18
1,0,0,0,0.25,0.75,0,1.2,1.8,0.71,0.41,27.6,0.63,1.34
1,0,0,0,0.25,0.75,0,0,3,3.74,0.366,175.5,0.515,1.25
1,0,0,0,0.2,0.8,0,0.4,2.6,7.88,0.79,158.8,0.625,1.26
1,0,0,0,0.2,0.8,0,0,3,7.335,0.6655,196.5,0.5615,1.2045
1,0,0,0,0.375,0.625,0,0,3,6.74,0.481,240,0.58,1.2
1,0,0,0,0.38,0.62,0,0,3,13.1,0.783,250.4,0.691,1.22
1,0,0,0,0.3,0.7,0,0,3,0.13,0.04,131.4,0.25,1.17
1,0,0,0,0.4,0.6,0,0.4,2.6,11.755,0.795,205.2,0.7215,1.26
1,0,0,0,0.4,0.6,0,0.6,2.4,11.5,0.71,238.2,0.68,1.24
1,0,0,0,0.4,0.6,0,0.9,2.1,11.6,0.76,235.3,0.65,1.25
1,0,0,0,0.4,0.6,0,1.2,1.8,11.9,0.78,209.5,0.73,1.26
1,0,0,0,0.4,0.6,0,1.5,1.5,10.4,0.73,211.8,0.67,1.27
1,0,0,0,0.4,0.6,0,1.8,1.2,10.9,0.76,213.8,0.67,1.29
1,0,0,0,0.4,0.6,0,2.1,0.9,9.8,0.79,187.1,0.67,1.3
1,0,0,0,0.4,0.6,0,2.4,0.6,9.2,0.74,196.2,0.64,1.32
1,0,0,0,0.4,0.6,0,0,3,10,0.767,205,0.631,1.27
1,0,0,0,0.5,0.5,0,1.2,1.8,2.34,0.57,60.2,0.68,1.48
1,0,0,0,0.5,0.5,0,0.6,2.4,16.29,0.895,243.7,0.7525,1.35
1,0,0,0,0.5,0.5,0,0,3,6.68,0.587,199.6,0.6075,1.22
1,0,0,0,0.625,0.375,0,0,3,10.87,0.69,244,0.645,1.25
1,0,0,0,0.65,0.35,0,0,3,9.37,0.75,210.3,0.6,1.25
1,0,0,0,0.6,0.4,0,0.4,2.6,13.4,0.8,233.8,0.716,1.26
1,0,0,0,0.6,0.4,0,0,3,8.2,0.745,178,0.616,1.39
1,0,0,0,0.75,0.25,0,0.3,2.7,14.49,0.85,218.6,0.78,1.43
1,0,0,0,0.75,0.25,0,0.6,2.4,14.1,0.87,210.5,0.77,1.48
1,0,0,0,0.75,0.25,0,0.9,2.1,13.41,0.9,196,0.76,1.53
1,0,0,0,0.75,0.25,0,1.2,1.8,11.93,0.91,172.5,0.76,1.59
1,0,0,0,0.75,0.25,0,1.5,1.5,11.5,0.94,163.1,0.75,1.65
1,0,0,0,0.75,0.25,0,1.8,1.2,11.805,1.015,153.4,0.76,1.73
1,0,0,0,0.75,0.25,0,2.1,0.9,6.31,1.01,93.3,0.67,1.8
1,0,0,0,0.75,0.25,0,2.4,0.6,3.79,0.97,62.1,0.63,1.9
1,0,0,0,0.75,0.25,0,2.7,0.3,2.52,0.91,44.7,0.62,1.99
1,0,0,0,0.75,0.25,0,3,0,1.49,0.76,32.2,0.61,2.03
1,0,0,0,0.75,0.25,0,0,3,10.7,0.733,224.6,0.646,1.3
1,0,0,0,0.7,0.3,0,0,3,5.595,0.461,176.5,0.502,1.285
1,0,0,0,0.85,0.15,0,0,3,9.485,0.74,208.5,0.5585,1.345
1,0,0,0,0.875,0.125,0,0,3,13.64,0.813,216,0.776,1.42
1,0,0,0,0.8,0.2,0,0.4,2.6,8.04,0.62,193.4,0.67,1.26
1,0,0,0,0.8,0.2,0,0,3,5.9,0.773,118,0.65,1.5
1,0,0,0,0.95,0.05,0,0,3,11.63,0.969,206.4,0.581,1.5
1,0,0,0,0.9,0.1,0,0,3,9.52,0.906,203.2,0.546,1.5
1,0,0,0,1,0,0,0.15,2.85,13.43,1.01,203.3,0.655,1.57
1,0,0,0,1,0,0,0.3,2.7,14.545,1.02,206.45,0.685,1.58
1,0,0,0,1,0,0,0.45,2.55,14.245,1.02,205.8,0.68,1.6
1,0,0,0,1,0,0,0.6,2.4,12.815,1.035,202.75,0.61,1.62
1,0,0,0,1,0,0,1.5,1.5,2.55,0.75,96,0.35,1.72
1,0,0,0,1,0,0,3,0,3.375,0.745,97.3,0.474,2.11
1,0,0,0,1,0,0,1,2,3.88,0.66,120.1,0.493,1.6
1,0,0,0,1,0,3,0,0,2.68,0.56,122.6,0.392,2.8
1,0,0,0,1,0,1,0,2,1.58,0.5,95.6,0.334,2.7
1,0,0,0,1,0,0,0,3,12.8,0.99,201.6,0.68,1.55
1,0,0,0,1,0,0,0.02,2.98,5.5,0.1,90,0.49,1.6
1,0,0,0,1,0,0,0.03,2.97,15.42,1.06,211.5,0.69,1.6
1,0,0,0,1,0,0,0.05,2.95,9.7,0.962,179,0.59,1.57
1,0,0,0,1,0,0,0.075,2.925,10.4,0.95,175,0.642,1.61
1,0,0,0,1,0,0,0.08,2.92,7,0.742,162,0.582,1.6
1,0,0,0,1,0,0,0.09,2.91,11.2,1.026,189.6,0.65,1.61
1,0,0,0,1,0,0,0.11,2.89,16.75,1.052,230.8,0.69,1.585
1,0,0,0,1,0,0,0.12,2.88,13.3,0.99,216.2,0.623,1.6
1,0,0,0,1,0,0,0.14,2.86,18.02,1.064,235.2,0.72,1.591
1,0,0,0,1,0,0,0.15,2.85,15.6,1.07,230,0.697,1.59
1,0,0,0,1,0,0,0.18,2.82,10.78,0.887,172.52,0.594,1.604
1,0,0,0,1,0,0,0.1,2.9,14.23,1.005,215.4,0.66,1.6
1,0,0,0,1,0,0,0.225,2.775,12.57,1.045,180,0.657,1.62
1,0,0,0,1,0,0,0.25,2.75,10.77,0.98,167.8,0.66,1.65
1,0,0,0,1,0,0,0.2,2.8,15.53,1.02,211,0.7,1.62
1,0,0,0,1,0,0,0.3,2.7,8.57,0.82,172.7,0.61,1.65
1,0,0,0,1,0,0,0.33,2.67,12.1,1.01,204.4,0.619,1.62
1,0,0,0,1,0,0,0.36,2.64,8.13,0.89,138.9,0.653,1.62
1,0,0,0,1,0,0,0.39,2.61,10.38,0.901,163.86,0.6,1.641
1,0,0,0,1,0,0,0.3,2.7,14.07,1.05,193,0.69,1.5
1,0,0,0,1,0,0,0.45,2.55,8.38,0.87,174.1,0.568,1.65
1,0,0,0,1,0,0,0.4,2.6,15.75,1.055,202,0.735,1.67
1,0,0,0,1,0,0,0.56,2.44,13.5,0.99,195,0.7,1.68
1,0,0,0,1,0,0,0.5,2.5,11.03,1,182.87,0.656,1.656
1,0,0,0,1,0,2.4,0.6,0,0.42,1.13,8.5,0.43,2.83
1,0,0,0,1,0,0,0.6,2.4,11.2,1,169.5,0.6465,1.7
1,0,0,0,1,0,0,0.75,2.25,9.99,0.966,203,0.54,1.7
1,0,0,0,1,0,0,0.78,2.22,6.13,0.936,103.9,0.62,1.69
1,0,0,0,1,0,0,0.7,2.3,10.39,0.99,186.6,0.56,1.68
1,0,0,0,1,0,0,0.81,2.19,14.82,1.12,166.8,0.78,1.71
1,0,0,0,1,0,0,0.87,2.13,13.055,1.0175,180.26,0.6635,1.715
1,0,0,0,1,0,0,0.8,2.2,14.9,1.21,158,0.779,1.75
1,0,0,0,1,0,0,0.9,2.1,8.5,0.93,162,0.57,1.7
1,0,0,0,1,0,0,1.14,1.86,7.5,,,,1.777
1,0,0,0,1,0,0,1.26,1.74,4.63,0.898,82,0.658,1.79
1,0,0,0,1,0,0,1.2,1.8,8.7,1.06,121,0.69,1.77
1,0,0,0,1,0,0,1.41,1.59,5.5,,,,1.791
1,0,0,0,1,0,1.5,1.5,0,1.08,1.43,18,0.7,2.65
1,0,0,0,1,0,0,1.5,1.5,8.58,1.117,72.3,0.69,1.87
1,0,0,0,1,0,0,1.74,1.26,5.1,0.843,84.41,0.549,1.924
1,0,0,0,1,0,0,1.77,1.23,2.8,0.834,63.5,0.524,1.96
1,0,0,0,1,0,0,1.7,1.3,5.8,1.14,90,0.57,1.94
1,0,0,0,1,0,0,1.8,1.2,1.2,1.182,17.8,0.55,1.92
1,0,0,0,1,0,0,2.13,0.87,3.77,,,,2.033
1,0,0,0,1,0,0,2.16,0.84,1.39,0.94,31.8,0.485,2.01
1,0,0,0,1,0,0,2.25,0.75,1.675,0.84,53.05,0.385,1.67
1,0,0,0,1,0,0,2.52,0.48,3.91,,,,2.154
1,0,0,0,1,0,0,2.5,0.5,3.46,1.074,30.32,1.067,2.161
1,0,0,0,1,0,0,2.85,0.15,1.03,0.832,23.8,0.498,2.23
1,0,0,0,1,0,1,2,0,2.27,1.31,25,0.72,2.52
1,0,0,0,1,0,0,2,1,4.035,0.865,85.4,0.5665,1.98
1,0,0,0,1,0,0,3,0,3.81,1.25,52,0.621,2.3
1,0,0,0,1,0,2,1,0,0.57,1.43,11,0.77,2.75
1,0,0,0,1,0,0,1,2,10.065,1.0135,145.55,0.6585,1.79
1,0,0,0,1,0,3,0,0,0.28,1.38,4.45,0.522,3.045
1,0,0,0,1,0,0,0,3,12.28,0.972,194,0.67,1.6
1,0,0,0,0,1,0,0.42,2.58,1.66,0.38,134,0.322,1.4
1,0,0,0,0,1,0,0.6,2.4,0.81,0.19,133.4,0.321,1.36
1,0,0,0,0,1,0,1.2,1.8,0.07,0.15,10.3,0.51,1.6
1,0,0,0,0,1,0.5,1.5,1,1.87,0.356,110.6,0.475,1.97
1,0,0,0,0,1,0,1.5,1.5,1.855,0.611,113.7,0.3985,1.62
1,0,0,0,0,1,0.2,1.8,1,3.1,0.38,139.9,0.573,1.87
1,0,0,0,0,1,0,2.64,0.36,3.03,0.63,102.8,0.468,1.83
1,0,0,0,0,1,0,2,1,2.02,0.42,113.6,0.4775,1.77
1,0,0,0,0,1,0,3,0,2.31,0.69,82.6,0.368,2.15
1,0,0,0,0,1,0,1,2,2.45,0.41,143.8,0.474,1.49
1,0,0,0,0,1,3,0,0,1.61,0.515,96,0.55,2.2
1,0,0,0,0,1,0,0,3,1.275,0.33,137.85,0.3845,1.3