compound,MA,FA,Cs,EA,Pb,Sn,Cl,Br,I,efficiency (%),Open circuit voltage (V),Short circuit current density (A/m²),Fill factor,Band gap (eV),n_reports
Cs0.01FA0.39MA0.6PbBr0.025I2.975,0.6,0.39,0.01,0.0,1.0,0.0,0.0,0.025,2.975,18.7,1.07,227.0,0.77,1.6,1
Cs0.01MA0.99PbBr0.03I2.97,0.99,0.0,0.01,0.0,1.0,0.0,0.0,0.03,2.97,19.4,1.1,223.0,0.7879999999999999,1.6,1
Cs0.025FA0.475MA0.5Pb0.5Sn0.5I3,0.5,0.475,0.025,0.0,0.5,0.5,0.0,0.0,3.0,19.285,0.78,321.70000000000005,0.745,1.27,2
Cs0.025FA0.825MA0.15PbBr0.45I2.55,0.15,0.825,0.025,0.0,1.0,0.0,0.0,0.45,2.55,19.21,1.055,225.5,0.8079999999999999,1.651,1
Cs0.02FA0.38MA0.6PbBr0.025I2.975,0.6,0.38,0.02,0.0,1.0,0.0,0.0,0.025,2.975,19.2,1.09,227.0,0.78,1.6,1
Cs0.02MA0.98PbBr0.06I2.94,0.98,0.0,0.02,0.0,1.0,0.0,0.0,0.06,2.94,20.46,1.13,228.1,0.79,1.6,1
Cs0.03FA0.37MA0.6PbBr0.025I2.975,0.6,0.37,0.03,0.0,1.0,0.0,0.0,0.025,2.975,18.0,1.1,225.0,0.73,1.6,1
Cs0.03FA0.77MA0.2PbBr0.46I2.54,0.2,0.77,0.03,0.0,1.0,0.0,0.0,0.46,2.54,11.645000000000001,1.07,214.0,0.585,1.5,2
Cs0.03FA0.81MA0.16PbBr0.50I2.50,0.16,0.81,0.03,0.0,1.0,0.0,0.0,0.5,2.5,10.8,1.0,160.5,0.6699999999999999,1.63,2
Cs0.03FA0.945MA0.025PbBr0.075I2.925,0.025,0.945,0.03,0.0,1.0,0.0,0.0,0.075,2.925,16.74,1.03,234.2,0.696,1.56,9
Cs0.03FA0.97PbI3,0.0,0.97,0.03,0.0,1.0,0.0,0.0,0.0,3.0,13.4,0.94,212.0,0.669,1.5529999999999995,1
Cs0.03MA0.97PbBr0.09I2.91,0.97,0.0,0.03,0.0,1.0,0.0,0.0,0.09,2.91,14.58,0.984,205.2,0.722,1.6,1
Cs0.04FA0.80MA0.16PbBr0.50I2.50,0.16,0.8,0.04,0.0,1.0,0.0,0.0,0.5,2.5,12.2,1.01,165.0,0.74,1.6335,4
Cs0.04FA0.80MA0.16PbBr0.51I2.49,0.16,0.8,0.04,0.0,1.0,0.0,0.0,0.51,2.49,16.759999999999998,1.0465,213.05,0.7370000000000001,1.61,8
Cs0.04FA0.82MA0.14PbBr0.42I2.58,0.14,0.82,0.04,0.0,1.0,0.0,0.0,0.42,2.58,17.82,1.1,215.9,0.75,1.58,3
Cs0.04FA0.8MA0.16PbBr0.49I2.51,0.16,0.8,0.04,0.0,1.0,0.0,0.0,0.49,2.51,16.8,1.078,219.8,0.7,1.6200000000000003,7
Cs0.05FA0.38MA0.57PbBr0.2I2.8,0.57,0.38,0.05,0.0,1.0,0.0,0.0,0.2,2.8,17.02,0.1009999999999999,234.0,0.72,1.57,1
Cs0.05FA0.45MA0.5Pb0.5Sn0.5I3,0.5,0.45,0.05,0.0,0.5,0.5,0.0,0.0,3.0,17.29,0.71,320.90000000000003,0.76,1.26,1
Cs0.05FA0.55MA0.4PbBr2.88I0.12,0.4,0.55,0.05,0.0,1.0,0.0,0.0,2.88,0.12,15.2,1.08,31.6,0.74,1.56,3
Cs0.05FA0.57MA0.38PbI3,0.38,0.57,0.05,0.0,1.0,0.0,0.0,0.0,3.0,19.9,1.08,232.0,0.79,1.54,1
Cs0.05FA0.5MA0.45Pb0.5Sn0.5I3,0.45,0.5,0.05,0.0,0.5,0.5,0.0,0.0,3.0,19.4,0.83,297.0,0.78,1.22,1
Cs0.05FA0.65MA0.3PbBr0.15I2.85,0.3,0.65,0.05,0.0,1.0,0.0,0.0,0.15,2.85,18.2,1.153,235.3,0.807,1.5499999999999998,5
Cs0.05FA0.70MA0.25PbI3,0.25,0.7,0.05,0.0,1.0,0.0,0.0,0.0,3.0,19.25,1.1099999999999999,234.0,0.7390000000000001,1.51,2
Cs0.05FA0.75MA0.2PbI3,0.2,0.75,0.05,0.0,1.0,0.0,0.0,0.0,3.0,15.61,1.06,219.35000000000002,0.6699999999999999,1.52,2
Cs0.05FA0.76MA0.19PbBr0.3I2.7,0.19,0.76,0.05,0.0,1.0,0.0,0.0,0.3,2.7,17.3,1.08,208.0,0.767,1.6,1
Cs0.05FA0.76MA0.19PbBr0.51I2.49,0.19,0.76,0.05,0.0,1.0,0.0,0.0,0.51,2.49,14.6,1.07,195.0,0.704,1.65,1
Cs0.05FA0.76MA0.19PbBr0.6I2.4,0.19,0.76,0.05,0.0,1.0,0.0,0.0,0.6,2.4,18.25,1.13,222.0,0.779,1.59,15
Cs0.05FA0.76MA0.19PbBr0.72I2.28,0.19,0.76,0.05,0.0,1.0,0.0,0.0,0.72,2.28,14.3,1.11,175.0,0.733,1.6800000000000002,1
Cs0.05FA0.76MA0.19PbBr0.9I2.1,0.19,0.76,0.05,0.0,1.0,0.0,0.0,0.9,2.1,11.2,1.13,150.0,0.66,1.73,1
Cs0.05FA0.7885MA0.1615PbBr0.3I2.7,0.1615,0.7885,0.05,0.0,1.0,0.0,0.0,0.3,2.7,13.15,0.9550000000000001,202.5,0.7250000000000001,1.565,4
Cs0.05FA0.7885MA0.1615PbBr0.51I2.49,0.1615,0.7885,0.05,0.0,1.0,0.0,0.0,0.51,2.49,15.809999999999999,1.1005,212.8,0.72,1.57,20
Cs0.05FA0.788MA0.162PbBr0.51I2.49,0.162,0.788,0.05,0.0,1.0,0.0,0.0,0.51,2.49,18.45,1.08,224.0,0.763,1.59,1
Cs0.05FA0.79MA0.160Pb1.0Br0.3I2.7,0.16,0.79,0.05,0.0,1.0,0.0,0.0,0.3,2.7,16.9,1.025,217.0,0.79,1.5499999999999998,2
Cs0.05FA0.79MA0.16Pb0.25Sn0.75Br0.5I2.5,0.16,0.79,0.05,0.0,0.25,0.75,0.0,0.5,2.5,10.93,0.71,214.6,0.71,1.3,2
Cs0.05FA0.79MA0.16Pb0.58Sn0.42Br0.52I2.48,0.16,0.79,0.05,0.0,0.58,0.42,0.0,0.52,2.48,13.25,0.74,259.0,0.69,1.38,1
Cs0.05FA0.79MA0.16Pb0.5Sn0.5Br0.5I2.5,0.16,0.79,0.05,0.0,0.5,0.5,0.0,0.5,2.5,11.685,0.73,216.0,0.67,1.31,2
Cs0.05FA0.79MA0.16Pb0.664Sn0.336Br0.52I2.48,0.16,0.79,0.05,0.0,0.664,0.336,0.0,0.52,2.48,16.1,0.8,265.9,0.76,1.38,1
Cs0.05FA0.79MA0.16Pb0.748Sn0.252Br0.52I2.48,0.16,0.79,0.05,0.0,0.748,0.252,0.0,0.52,2.48,14.1,0.76,252.0,0.74,1.38,1
Cs0.05FA0.79MA0.16Pb0.75Sn0.25Br0.5I2.5,0.16,0.79,0.05,0.0,0.75,0.25,0.0,0.5,2.5,12.87,0.82,209.8,0.71,1.34,2
Cs0.05FA0.79MA0.16Pb0.832Sn0.168Br0.52I2.48,0.16,0.79,0.05,0.0,0.832,0.168,0.0,0.52,2.48,12.65,0.71,247.9,0.72,1.38,1
Cs0.05FA0.79MA0.16Pb0.916Sn0.084Br0.52I2.48,0.16,0.79,0.05,0.0,0.916,0.084,0.0,0.52,2.48,10.4,0.67,221.0,0.7,1.38,1
Cs0.05FA0.79MA0.16PbBr0.39I2.61,0.16,0.79,0.05,0.0,1.0,0.0,0.0,0.39,2.61,11.05,1.02,171.5,0.64,1.59,6
Cs0.05FA0.79MA0.16PbBr0.3I2.7,0.16,0.79,0.05,0.0,1.0,0.0,0.0,0.3,2.7,20.005000000000003,1.0950000000000002,242.8,0.755,1.57,2
Cs0.05FA0.79MA0.16PbBr0.45I2.55,0.16,0.79,0.05,0.0,1.0,0.0,0.0,0.45,2.55,18.5,1.12,224.7,0.75,1.6,25
Cs0.05FA0.79MA0.16PbBr0.47I2.53,0.16,0.79,0.05,0.0,1.0,0.0,0.0,0.47,2.53,12.7,1.0350000000000001,198.0,0.6174999999999999,1.59,6
Cs0.05FA0.79MA0.16PbBr0.48I2.52,0.16,0.79,0.05,0.0,1.0,0.0,0.0,0.48,2.52,15.23,1.03,215.1,0.73,1.58,36
Cs0.05FA0.79MA0.16PbBr0.50I2.5,0.16,0.79,0.05,0.0,1.0,0.0,0.0,0.5,2.5,15.8,1.02,212.0,0.73,1.63,4
Cs0.05FA0.79MA0.16PbBr0.51I2.49,0.16,0.79,0.05,0.0,1.0,0.0,0.0,0.51,2.49,17.064999999999998,1.09,219.0,0.73,1.61,234
Cs0.05FA0.79MA0.16PbBr0.52I2.48,0.16,0.79,0.05,0.0,1.0,0.0,0.0,0.52,2.48,9.7,0.7,198.2,0.69,1.38,1
Cs0.05FA0.79MA0.16PbBr0.5I2.5,0.16,0.79,0.05,0.0,1.0,0.0,0.0,0.5,2.5,16.185000000000002,1.038,236.0,0.7140000000000001,1.57,18
Cs0.05FA0.79MA0.16PbBr0.99I2.01,0.16,0.79,0.05,0.0,1.0,0.0,0.0,0.99,2.01,19.16,1.3,196.0,0.77,1.72,5
Cs0.05FA0.79MA0.16PbBr1.2I1.8,0.16,0.79,0.05,0.0,1.0,0.0,0.0,1.2,1.8,14.17,1.14,171.9,0.723,1.7899999999999998,1
Cs0.05FA0.79MA0.16PbBr1.5I1.5,0.16,0.79,0.05,0.0,1.0,0.0,0.0,1.5,1.5,11.2,1.02,163.0,0.68,1.85,1
Cs0.05FA0.79MA0.16PbBrI2,0.16,0.79,0.05,0.0,1.0,0.0,0.0,1.0,2.0,14.93,0.98,205.5,0.734,1.61,2
Cs0.05FA0.79MA0.16PbI3,0.16,0.79,0.05,0.0,1.0,0.0,0.0,0.0,3.0,17.8,0.99,247.95,0.725,1.5499999999999998,5
Cs0.05FA0.79MA0.16SnBr0.5I2.5,0.16,0.79,0.05,0.0,0.0,1.0,0.0,0.5,2.5,1.585,0.43,56.7,0.52,1.45,2
Cs0.05FA0.8075MA0.1425PbBr0.45I2.55,0.1425,0.8075,0.05,0.0,1.0,0.0,0.0,0.45,2.55,18.47,1.06,228.9,0.7384999999999999,1.6185,24
Cs0.05FA0.80MA0.15PbBr0.45I2.55,0.15,0.8,0.05,0.0,1.0,0.0,0.0,0.45,2.55,19.14,1.149,222.05,0.745,1.6,14
Cs0.05FA0.81MA0.14PbBr0.39I2.61,0.14,0.81,0.05,0.0,1.0,0.0,0.0,0.39,2.61,19.93,1.16,235.7,0.72,1.59,7
Cs0.05FA0.81MA0.14PbBr0.42I2.58,0.14,0.81,0.05,0.0,1.0,0.0,0.0,0.42,2.58,14.03,0.99,223.1,0.64,1.61,11
Cs0.05FA0.81MA0.14PbBr0.45I2.55,0.14,0.81,0.05,0.0,1.0,0.0,0.0,0.45,2.55,18.66,1.09,225.8,0.755,1.6,54
Cs0.05FA0.81MA0.14PbBr0.4I2.6,0.14,0.81,0.05,0.0,1.0,0.0,0.0,0.4,2.6,20.35,1.142,225.3,0.7929999999999999,1.61,3
Cs0.05FA0.83MA0.12PbBr0.36I2.64,0.12,0.83,0.05,0.0,1.0,0.0,0.0,0.36,2.64,14.775,0.9844999999999999,215.55,0.6765,1.61,10
Cs0.05FA0.83MA0.12PbBr0.39I2.61,0.12,0.83,0.05,0.0,1.0,0.0,0.0,0.39,2.61,16.55,1.007,224.3,0.7,1.6,7
Cs0.05FA0.83MA0.12PbBr0.49I2.51,0.12,0.83,0.05,0.0,1.0,0.0,0.0,0.49,2.51,14.9,1.1549999999999998,210.25,0.5700000000000001,1.6,2
Cs0.05FA0.83MA0.12PbBr0.51I2.49,0.12,0.83,0.05,0.0,1.0,0.0,0.0,0.51,2.49,15.5,1.092,203.0,0.7,1.63,1
Cs0.05FA0.85MA0.1PbBr0.03I2.97,0.1,0.85,0.05,0.0,1.0,0.0,0.0,0.03,2.97,19.13,1.08,239.9,0.738,1.598,1
Cs0.05FA0.85MA0.1PbBr3.0,0.1,0.85,0.05,0.0,1.0,0.0,0.0,3.0,0.0,5.67,1.4,62.400000000000006,0.65,2.28,1
Cs0.05FA0.8MA0.15PbBr0.15I2.85,0.15,0.8,0.05,0.0,1.0,0.0,0.0,0.15,2.85,19.53,1.165,218.89999999999998,0.765,1.6219999999999999,2
Cs0.05FA0.8MA0.15PbBr0.45I2.55,0.15,0.8,0.05,0.0,1.0,0.0,0.0,0.45,2.55,19.0,1.14,216.5,0.77,1.6,5
Cs0.05FA0.94MA0.01PbBr0.03I2.97,0.01,0.94,0.05,0.0,1.0,0.0,0.0,0.03,2.97,18.7,1.052,249.4,0.7709999999999999,1.5499999999999998,1
Cs0.05FA0.95PbBr0.15I2.85,0.0,0.95,0.05,0.0,1.0,0.0,0.0,0.15,2.85,17.42,0.922,190.2,0.612,1.48,1
Cs0.05FA0.95PbI3,0.0,0.95,0.05,0.0,1.0,0.0,0.0,0.0,3.0,18.04,1.06,233.5,0.726,1.54,31
Cs0.05MA0.95PbBr1.2I1.8,0.95,0.0,0.05,0.0,1.0,0.0,0.0,1.2,1.8,12.1,1.18,149.0,0.69,1.82,1
Cs0.05MA0.95PbI3,0.95,0.0,0.05,0.0,1.0,0.0,0.0,0.0,3.0,6.29,1.01,86.89999999999999,0.72,1.51,1
Cs0.06FA0.78MA0.16PbBr0.51I2.49,0.16,0.78,0.06,0.0,1.0,0.0,0.0,0.51,2.49,16.7,1.11,221.0,0.76,1.63,1
Cs0.06FA0.79MA0.15PbBr0.45I2.55,0.15,0.79,0.06,0.0,1.0,0.0,0.0,0.45,2.55,17.9,1.1099999999999999,231.0,0.716,1.6,4
Cs0.06FA0.79MA0.15PbBr1.8I1.2,0.15,0.79,0.06,0.0,1.0,0.0,0.0,1.8,1.2,14.4,1.175,166.0,0.755,1.8050000000000002,2
Cs0.07FA0.73MA0.20PbBr0.47I2.53,0.2,0.73,0.07,0.0,1.0,0.0,0.0,0.47,2.53,18.45,1.264,228.1,0.7335,1.6,2
Cs0.07FA0.77MA0.16PbBr0.50I2.50,0.16,0.77,0.07,0.0,1.0,0.0,0.0,0.5,2.5,14.35,1.065,179.0,0.75,1.639,2
Cs0.07FA0.78MA0.15PbBr0.45I2.55,0.15,0.78,0.07,0.0,1.0,0.0,0.0,0.45,2.55,20.1,1.17,227.5,0.764,1.61,3
Cs0.07FA0.79MA0.14PbBr0.45I2.55,0.14,0.79,0.07,0.0,1.0,0.0,0.0,0.45,2.55,19.48,1.1600000000000001,230.4,0.724,1.55,2
Cs0.07FA0.93PbBr0.15I2.85,0.0,0.93,0.07,0.0,1.0,0.0,0.0,0.15,2.85,14.01,1.03,207.5,0.66,1.6200000000000003,1
Cs0.07FA0.93PbI3,0.0,0.93,0.07,0.0,1.0,0.0,0.0,0.0,3.0,15.4,0.99,220.0,0.7509999999999999,1.54,3
Cs0.085FA0.915PbBr0.45I2.55,0.0,0.915,0.085,0.0,1.0,0.0,0.0,0.45,2.55,16.31,1.09,214.9,0.726,1.6249999999999998,7
Cs0.08FA0.55MA0.37PbI3,0.37,0.55,0.08,0.0,1.0,0.0,0.0,0.0,3.0,5.0,0.845,135.7,0.44,1.5300000000000002,1
Cs0.08FA0.77MA0.15PbBr0.51I2.49,0.15,0.77,0.08,0.0,1.0,0.0,0.0,0.51,2.49,14.690000000000001,1.047,190.12,0.7355,1.6,120
Cs0.08FA0.78MA0.14PbBr0.42I2.58,0.14,0.78,0.08,0.0,1.0,0.0,0.0,0.42,2.58,10.35,0.73,209.1,0.71,1.61,7
Cs0.08FA0.92PbI3,0.0,0.92,0.08,0.0,1.0,0.0,0.0,0.0,3.0,22.0,,,,1.51,1
Cs0.09FA0.58MA0.33PbBr0.65I2.35,0.33,0.58,0.09,0.0,1.0,0.0,0.0,0.65,2.35,18.3,1.1,230.0,0.76,1.59,9
Cs0.09MA0.91PbI3,0.91,0.0,0.09,0.0,1.0,0.0,0.0,0.0,3.0,17.8,1.0550000000000002,224.95,0.75,1.59,2
Cs0.10FA0.75MA0.15PbBr0.51I2.49,0.15,0.75,0.1,0.0,1.0,0.0,0.0,0.51,2.49,19.4,1.1444999999999999,224.5,0.755,1.63,4
Cs0.10FA0.81MA0.09PbBr0.03I2.97,0.09,0.81,0.1,0.0,1.0,0.0,0.0,0.03,2.97,20.45,1.1,244.7,0.758,1.6,1
Cs0.10FA0.83MA0.07PbBr0.51I2.49,0.07,0.83,0.1,0.0,1.0,0.0,0.0,0.51,2.49,16.2,1.071,210.0,0.72,1.63,1
Cs0.10MA0.90PbI3,0.9,0.0,0.1,0.0,1.0,0.0,0.0,0.0,3.0,7.68,1.05,101.0,0.73,1.54,1
Cs0.11MA0.89PbI3,0.89,0.0,0.11,0.0,1.0,0.0,0.0,0.0,3.0,17.76,1.03,226.9,0.76,1.6200000000000003,1
Cs0.125FA0.875PbBr0.375I2.625,0.0,0.875,0.125,0.0,1.0,0.0,0.0,0.375,2.625,17.71,1.0945,216.01500000000001,0.7335,1.57,22
Cs0.12FA0.5MA0.38PbBr0.96I2.04,0.38,0.5,0.12,0.0,1.0,0.0,0.0,0.96,2.04,12.445,1.145,169.65000000000003,0.641,1.72,2
Cs0.12FA0.83MA0.05PbBr1.2I1.8,0.05,0.83,0.12,0.0,1.0,0.0,0.0,1.2,1.8,19.1,1.25,190.0,0.815,1.74,1
Cs0.13FA0.87PbBrI2,0.0,0.87,0.13,0.0,1.0,0.0,0.0,1.0,2.0,14.399999999999999,1.08,179.8,0.741,1.72,2
Cs0.14FA0.83MA0.03PbBr0.51I2.49,0.03,0.83,0.14,0.0,1.0,0.0,0.0,0.51,2.49,16.3,1.083,209.0,0.72,1.63,1
Cs0.15FA0.55MA0.3PbBr0.6I2.4,0.3,0.55,0.15,0.0,1.0,0.0,0.0,0.6,2.4,14.4,1.12,185.0,0.691,1.6800000000000002,1
Cs0.15FA0.65MA0.20PbBr0.6I2.4,0.2,0.65,0.15,0.0,1.0,0.0,0.0,0.6,2.4,18.3,1.1535,204.0,0.7829999999999999,1.6800000000000002,2
Cs0.15FA0.65MA0.2PbBr0.6I2.4,0.2,0.65,0.15,0.0,1.0,0.0,0.0,0.6,2.4,16.0,1.14,199.0,0.718,1.67,1
Cs0.15FA0.68MA0.17PbBr0.3I2.7,0.17,0.68,0.15,0.0,1.0,0.0,0.0,0.3,2.7,16.2,1.06,212.0,0.722,1.63,1
Cs0.15FA0.68MA0.17PbBr0.51I2.49,0.17,0.68,0.15,0.0,1.0,0.0,0.0,0.51,2.49,16.8,1.09,203.0,0.757,1.65,1
Cs0.15FA0.68MA0.17PbBr0.6I2.4,0.17,0.68,0.15,0.0,1.0,0.0,0.0,0.6,2.4,16.1,1.1,199.0,0.737,1.6800000000000002,1
Cs0.15FA0.68MA0.17PbBr0.72I2.28,0.17,0.68,0.15,0.0,1.0,0.0,0.0,0.72,2.28,14.9,1.09,187.0,0.724,1.71,1
Cs0.15FA0.68MA0.17PbBr0.9I2.1,0.17,0.68,0.15,0.0,1.0,0.0,0.0,0.9,2.1,14.4,1.11,180.0,0.719,1.74,1
Cs0.15FA0.71MA0.14PbBr0.9I2.1,0.14,0.71,0.15,0.0,1.0,0.0,0.0,0.9,2.1,17.799999999999997,1.185,189.5,0.795,1.6999999999999995,4
Cs0.15FA0.75MA0.10PbBr0.6I2.4,0.1,0.75,0.15,0.0,1.0,0.0,0.0,0.6,2.4,16.0,1.11,189.0,0.765,1.66,1
Cs0.15FA0.75MA0.1PbBr0.1I2.9,0.1,0.75,0.15,0.0,1.0,0.0,0.0,0.1,2.9,20.2,1.13,234.9,0.77,1.57,1
Cs0.15FA0.75MA0.1PbI3,0.1,0.75,0.15,0.0,1.0,0.0,0.0,0.0,3.0,19.725,1.13,230.4,0.7605,1.554,2
Cs0.15FA0.76MA0.09PbBr0.03I2.97,0.09,0.76,0.15,0.0,1.0,0.0,0.0,0.03,2.97,16.46,1.05,225.3,0.698,1.599,1
Cs0.15FA0.85Pb0.375Sn0.625I3,0.0,0.85,0.15,0.0,0.375,0.625,0.0,0.0,3.0,13.5,0.76,246.0,0.7,1.24,1
Cs0.15FA0.85PbBr0.12I2.88,0.0,0.85,0.15,0.0,1.0,0.0,0.0,0.12,2.88,20.0,1.117,227.4,0.7809999999999999,1.6,7
Cs0.15FA0.85PbBr0.15I2.85,0.0,0.85,0.15,0.0,1.0,0.0,0.0,0.15,2.85,15.0,1.0,224.0,0.74,1.59,3
Cs0.15FA0.85PbBr0.3I2.7,0.0,0.85,0.15,0.0,1.0,0.0,0.0,0.3,2.7,18.935000000000002,1.1015000000000001,226.7,0.76,1.58,6
Cs0.15FA0.85PbBr0.45I2.55,0.0,0.85,0.15,0.0,1.0,0.0,0.0,0.45,2.55,16.26,1.011,222.4,0.7195,1.5350000000000001,2
Cs0.15FA0.85PbBr0.6I2.4,0.0,0.85,0.15,0.0,1.0,0.0,0.0,0.6,2.4,19.07,1.146,213.1,0.7805,1.626,4
Cs0.15FA0.85PbBr0.81I2.19,0.0,0.85,0.15,0.0,1.0,0.0,0.0,0.81,2.19,15.55,1.1800000000000002,190.65,0.6935,1.72,2
Cs0.15FA0.85PbBr0.87I2.13,0.0,0.85,0.15,0.0,1.0,0.0,0.0,0.87,2.13,12.1,1.21,151.0,0.7090000000000001,1.72,3
Cs0.15FA0.85PbBr0.9I2.1,0.0,0.85,0.15,0.0,1.0,0.0,0.0,0.9,2.1,18.23,1.188,199.3,0.769,1.6999999999999995,19
Cs0.15FA0.85PbBr1.2I1.8,0.0,0.85,0.15,0.0,1.0,0.0,0.0,1.2,1.8,16.740000000000002,1.202,180.5,0.7655000000000001,1.7520000000000002,4
Cs0.15FA0.85PbBr2.1I0.9,0.0,0.85,0.15,0.0,1.0,0.0,0.0,2.1,0.9,10.7,1.2,114.0,0.778,2.0,1
Cs0.15FA0.85PbI3,0.0,0.85,0.15,0.0,1.0,0.0,0.0,0.0,3.0,15.2,0.999,214.0,0.6970000000000001,1.54,7
Cs0.15MA0.85PbBr0.45I2.55,0.85,0.0,0.15,0.0,1.0,0.0,0.0,0.45,2.55,10.39,1.09,131.6,0.73,1.71,3
Cs0.15MA0.85PbBr1.2I1.8,0.85,0.0,0.15,0.0,1.0,0.0,0.0,1.2,1.8,8.1,0.98,129.0,0.64,1.82,1
Cs0.15MA0.85PbI3,0.85,0.0,0.15,0.0,1.0,0.0,0.0,0.0,3.0,12.44,0.99,163.9,0.76,1.59,1
Cs0.16FA0.8MA0.04PbBr1.5I1.5,0.04,0.8,0.16,0.0,1.0,0.0,0.0,1.5,1.5,14.33,1.2,145.29999999999998,0.82,1.82,5
Cs0.16FA0.8MA0.04PbBr1.71I1.29,0.04,0.8,0.16,0.0,1.0,0.0,0.0,1.71,1.29,13.19,1.21,134.2,0.8140000000000001,1.89,1
Cs0.16FA0.8MA0.04PbBr1.83I1.17,0.04,0.8,0.16,0.0,1.0,0.0,0.0,1.83,1.17,12.75,1.23,127.9,0.812,1.91,1
Cs0.17FA0.75MA0.08PbBr0.39I2.61,0.08,0.75,0.17,0.0,1.0,0.0,0.0,0.39,2.61,9.614999999999998,0.925,188.0,0.5555,1.61,4
Cs0.17FA0.83Pb0.3Sn0.7I3,0.0,0.83,0.17,0.0,0.3,0.7,0.0,0.0,3.0,9.3,0.685,210.5,0.592,1.25,2
Cs0.17FA0.83Pb0.4Sn0.6I3,0.0,0.83,0.17,0.0,0.4,0.6,0.0,0.0,3.0,9.95,0.625,244.0,0.5495000000000001,1.25,2
Cs0.17FA0.83Pb0.5Sn0.5I3,0.0,0.83,0.17,0.0,0.5,0.5,0.0,0.0,3.0,12.100000000000001,0.725,235.0,0.5715,1.26,2
Cs0.17FA0.83Pb0.6Sn0.4I3,0.0,0.83,0.17,0.0,0.6,0.4,0.0,0.0,3.0,10.1,0.7250000000000001,203.0,0.5695,1.275,2
Cs0.17FA0.83Pb0.7Sn0.3I3,0.0,0.83,0.17,0.0,0.7,0.3,0.0,0.0,3.0,14.25,0.785,250.5,0.6965,1.32,4
Cs0.17FA0.83Pb0.8Sn0.2I3,0.0,0.83,0.17,0.0,0.8,0.2,0.0,0.0,3.0,6.75,0.74,127.5,0.598,1.35,2
Cs0.17FA0.83Pb0.95Sn0.05I3,0.0,0.83,0.17,0.0,0.95,0.05,0.0,0.0,3.0,6.5,0.71,160.5,0.53,1.4849999999999999,2
Cs0.17FA0.83Pb0.98Sn0.02I3,0.0,0.83,0.17,0.0,0.98,0.02,0.0,0.0,3.0,6.5,0.735,148.0,0.5914999999999999,1.51,2
Cs0.17FA0.83Pb0.995Sn0.005I3,0.0,0.83,0.17,0.0,0.995,0.005,0.0,0.0,3.0,6.300000000000001,0.8049999999999999,117.5,0.6775,1.53,2
Cs0.17FA0.83Pb0.99999Sn0.00001I3,0.0,0.83,0.17,0.0,0.99999,1e-05,0.0,0.0,3.0,15.0,0.965,205.5,0.7305,1.545,2
Cs0.17FA0.83Pb0.9999Sn0.0001I3,0.0,0.83,0.17,0.0,0.9999,0.0001,0.0,0.0,3.0,14.3,0.95,200.0,0.7435,1.535,2
Cs0.17FA0.83Pb0.999Sn0.001I3,0.0,0.83,0.17,0.0,0.999,0.001,0.0,0.0,3.0,7.9,0.9099999999999999,121.5,0.7,1.5299999999999998,2
Cs0.17FA0.83Pb0.99Sn0.01I3,0.0,0.83,0.17,0.0,0.99,0.01,0.0,0.0,3.0,6.35,0.775,130.0,0.648,1.52,2
Cs0.17FA0.83Pb0.9Sn0.1I3,0.0,0.83,0.17,0.0,0.9,0.1,0.0,0.0,3.0,9.35,0.74,190.0,0.6305000000000001,1.44,2
Cs0.17FA0.83PbBr0.51I2.49,0.0,0.83,0.17,0.0,1.0,0.0,0.0,0.51,2.49,15.4,1.02,205.0,0.71,1.63,3
Cs0.17FA0.83PbBr0.6I2.4,0.0,0.83,0.17,0.0,1.0,0.0,0.0,0.6,2.4,18.5,1.115,224.0,0.775,1.61,2
Cs0.17FA0.83PbBr0.75I2.25,0.0,0.83,0.17,0.0,1.0,0.0,0.0,0.75,2.25,15.850000000000001,1.115,182.5,0.77,1.7150000000000003,4
Cs0.17FA0.83PbBr0.81I2.19,0.0,0.83,0.17,0.0,1.0,0.0,0.0,0.81,2.19,14.3,1.09,182.0,0.71,1.6999999999999995,1
Cs0.17FA0.83PbBr0.8I2.2,0.0,0.83,0.17,0.0,1.0,0.0,0.0,0.8,2.2,15.87,1.194,193.7,0.687,1.72,7
Cs0.17FA0.83PbBr1.2I1.8,0.0,0.83,0.17,0.0,1.0,0.0,0.0,1.2,1.8,15.2,1.15,187.0,0.727,1.74,13
Cs0.17FA0.83PbBr1.5I1.5,0.0,0.83,0.17,0.0,1.0,0.0,0.0,1.5,1.5,12.29,1.175,158.0,0.6920000000000001,1.8600000000000003,5
Cs0.17FA0.83PbBr1.8I1.2,0.0,0.83,0.17,0.0,1.0,0.0,0.0,1.8,1.2,13.3,1.286,147.0,0.7040000000000001,1.93,3
Cs0.17FA0.83PbBrI2,0.0,0.83,0.17,0.0,1.0,0.0,0.0,1.0,2.0,16.24,1.19,195.6,0.76,1.67,3
Cs0.17FA0.83PbI3,0.0,0.83,0.17,0.0,1.0,0.0,0.0,0.0,3.0,15.4,0.97,212.0,0.72,1.5499999999999998,3
Cs0.17MA0.83PbI3,0.83,0.0,0.17,0.0,1.0,0.0,0.0,0.0,3.0,18.12,1.04,229.2,0.76,1.633,1
Cs0.1FA0.1MA0.8PbI3,0.8,0.1,0.1,0.0,1.0,0.0,0.0,0.0,3.0,14.4,1.0350000000000001,197.2,0.714,1.5,6
Cs0.1FA0.2MA0.7PbI3,0.7,0.2,0.1,0.0,1.0,0.0,0.0,0.0,3.0,17.5,1.12,210.0,0.71,1.6200000000000003,1
Cs0.1FA0.36MA0.54PbBr0.2I2.8,0.54,0.36,0.1,0.0,1.0,0.0,0.0,0.2,2.8,10.57,0.018,9.03,0.66,1.59,1
Cs0.1FA0.54MA0.36PbI3,0.36,0.54,0.1,0.0,1.0,0.0,0.0,0.0,3.0,19.4,1.082,233.0,0.8,1.51,1
Cs0.1FA0.747MA0.153PbBr0.51I2.49,0.153,0.747,0.1,0.0,1.0,0.0,0.0,0.51,2.49,19.6,1.14,223.0,0.77,1.73,1
Cs0.1FA0.75MA0.15Pb0.25Sn0.75Br0.5I2.5,0.15,0.75,0.1,0.0,0.25,0.75,0.0,0.5,2.5,9.73,0.68,201.9,0.66,1.29,2
Cs0.1FA0.75MA0.15Pb0.5Sn0.5Br0.5I2.5,0.15,0.75,0.1,0.0,0.5,0.5,0.0,0.5,2.5,12.215,0.72,231.4,0.65,1.31,2
Cs0.1FA0.75MA0.15Pb0.75Sn0.25Br0.5I2.5,0.15,0.75,0.1,0.0,0.75,0.25,0.0,0.5,2.5,14.66,0.83,223.9,0.73,1.36,2
Cs0.1FA0.75MA0.15PbBr0.45I2.55,0.15,0.75,0.1,0.0,1.0,0.0,0.0,0.45,2.55,13.7,0.931,206.0,0.711,1.63,3
Cs0.1FA0.75MA0.15PbBr0.51I2.49,0.15,0.75,0.1,0.0,1.0,0.0,0.0,0.51,2.49,16.3,1.0490000000000002,207.0,0.75,1.63,1
Cs0.1FA0.75MA0.15PbBr0.5I2.5,0.15,0.75,0.1,0.0,1.0,0.0,0.0,0.5,2.5,12.08,1.025,162.6,0.72,1.6099999999999999,4
Cs0.1FA0.75MA0.15PbBrI2,0.15,0.75,0.1,0.0,1.0,0.0,0.0,1.0,2.0,17.345,1.16,183.6,0.741,1.7349999999999999,2
Cs0.1FA0.75MA0.15SnBr0.5I2.5,0.15,0.75,0.1,0.0,0.0,1.0,0.0,0.5,2.5,2.62,0.41,89.80000000000001,0.65,1.4400000000000002,2
Cs0.1FA0.765MA0.135PbBr0.45I2.55,0.135,0.765,0.1,0.0,1.0,0.0,0.0,0.45,2.55,15.71,1.061,212.8,0.696,1.611,1
Cs0.1FA0.76MA0.14PbBr0.51I2.49,0.14,0.76,0.1,0.0,1.0,0.0,0.0,0.51,2.49,18.4,1.098,221.0,0.775,1.61,3
Cs0.1FA0.81MA0.09PbBr0.1I2.9,0.09,0.81,0.1,0.0,1.0,0.0,0.0,0.1,2.9,21.7,1.13,241.0,0.81,1.5499999999999998,1
Cs0.1FA0.9PbBr0.09I2.91,0.0,0.9,0.1,0.0,1.0,0.0,0.0,0.09,2.91,16.5,1.03,225.0,0.71,1.54,1
Cs0.1FA0.9PbBr0.13I2.87,0.0,0.9,0.1,0.0,1.0,0.0,0.0,0.13,2.87,17.04,1.08,195.9,0.803,1.645,1
Cs0.1FA0.9PbBr0.1I2.9,0.0,0.9,0.1,0.0,1.0,0.0,0.0,0.1,2.9,17.72,1.024,226.2,0.765,1.5499999999999998,2
Cs0.1FA0.9PbBr0.3I2.7,0.0,0.9,0.1,0.0,1.0,0.0,0.0,0.3,2.7,17.42,1.07,224.0,0.762,1.5499999999999998,3
Cs0.1FA0.9PbBr0.6I2.4,0.0,0.9,0.1,0.0,1.0,0.0,0.0,0.6,2.4,15.4,1.14,200.0,0.71,1.61,1
Cs0.1FA0.9PbBr0.9I2.1,0.0,0.9,0.1,0.0,1.0,0.0,0.0,0.9,2.1,18.619999999999997,1.1724999999999999,203.35,0.781,1.6780000000000002,6
Cs0.1FA0.9PbBr3,0.0,0.9,0.1,0.0,1.0,0.0,0.0,3.0,0.0,6.21,1.234,70.7,0.711,2.277,1
Cs0.1FA0.9PbI3,0.0,0.9,0.1,0.0,1.0,0.0,0.0,0.0,3.0,16.015,1.02,233.0,0.7290000000000001,1.509,14
Cs0.1MA0.9Pb0.25Sn0.75I3,0.9,0.0,0.1,0.0,0.25,0.75,0.0,0.0,3.0,6.38,0.48,218.4,0.609,1.27,2
Cs0.1MA0.9Pb0.5Sn0.5I3,0.9,0.0,0.1,0.0,0.5,0.5,0.0,0.0,3.0,10.07,0.7,233.2,0.617,1.29,2
Cs0.1MA0.9Pb0.75Sn0.25I3,0.9,0.0,0.1,0.0,0.75,0.25,0.0,0.0,3.0,14.55,0.84,228.0,0.76,1.39,1
Cs0.1MA0.9PbBr1.2I1.8,0.9,0.0,0.1,0.0,1.0,0.0,0.0,1.2,1.8,12.8,1.2,151.0,0.69,1.82,1
Cs0.1MA0.9PbBrI2,0.9,0.0,0.1,0.0,1.0,0.0,0.0,1.0,2.0,16.1,1.13,173.0,0.8220000000000001,1.7700000000000002,1
Cs0.1MA0.9PbI3,0.9,0.0,0.1,0.0,1.0,0.0,0.0,0.0,3.0,13.955,1.0,197.7,0.742,1.6060000000000003,4
Cs0.1MA0.9SnI3,0.9,0.0,0.1,0.0,0.0,1.0,0.0,0.0,3.0,0.33,0.2,45.3,0.364,1.305,2
Cs0.20MA0.80PbI3,0.8,0.0,0.2,0.0,1.0,0.0,0.0,0.0,3.0,4.58,1.04,67.6,0.65,1.57,1
Cs0.22FA0.78PbBr0.45I2.55,0.0,0.78,0.22,0.0,1.0,0.0,0.0,0.45,2.55,20.39,1.204,207.2,0.817,1.6800000000000002,1
Cs0.23MA0.77PbI3,0.77,0.0,0.23,0.0,1.0,0.0,0.0,0.0,3.0,18.950000000000003,1.07,228.39999999999998,0.775,1.644,2
Cs0.25FA0.6MA0.15PbBr0.3I2.7,0.15,0.6,0.25,0.0,1.0,0.0,0.0,0.3,2.7,17.1,1.07,199.0,0.805,1.64,1
Cs0.25FA0.6MA0.15PbBr0.51I2.49,0.15,0.6,0.25,0.0,1.0,0.0,0.0,0.51,2.49,13.8,1.13,181.0,0.674,1.6800000000000002,1
Cs0.25FA0.6MA0.15PbBr0.6I2.4,0.15,0.6,0.25,0.0,1.0,0.0,0.0,0.6,2.4,14.1,1.12,178.0,0.705,1.6999999999999995,1
Cs0.25FA0.6MA0.15PbBr0.72I2.28,0.15,0.6,0.25,0.0,1.0,0.0,0.0,0.72,2.28,15.3,1.12,179.0,0.764,1.72,1
Cs0.25FA0.6MA0.15PbBr0.9I2.1,0.15,0.6,0.25,0.0,1.0,0.0,0.0,0.9,2.1,13.6,1.17,167.0,0.696,1.76,1
Cs0.25FA0.75Pb0.5Sn0.5I3,0.0,0.75,0.25,0.0,0.5,0.5,0.0,0.0,3.0,13.1,0.72,267.0,0.71,1.24,5
Cs0.25FA0.75PbBr0.3I2.7,0.0,0.75,0.25,0.0,1.0,0.0,0.0,0.3,2.7,16.65,1.081,221.7,0.725,1.57,5
Cs0.25FA0.75PbBr0.51I2.49,0.0,0.75,0.25,0.0,1.0,0.0,0.0,0.51,2.49,12.4,1.021,209.0,0.58,1.63,1
Cs0.25FA0.75PbBr0.60I2.40,0.0,0.75,0.25,0.0,1.0,0.0,0.0,0.6,2.4,14.6,1.166,172.0,0.726,1.6999999999999995,1
Cs0.25FA0.75PbBr0.6I2.4,0.0,0.75,0.25,0.0,1.0,0.0,0.0,0.6,2.4,18.43,1.154,196.6,0.78,1.6800000000000002,15
Cs0.25FA0.75PbBr0.9I2.1,0.0,0.75,0.25,0.0,1.0,0.0,0.0,0.9,2.1,17.29,1.203,184.8,0.756,1.729,5
Cs0.25FA0.75PbI3,0.0,0.75,0.25,0.0,1.0,0.0,0.0,0.0,3.0,9.280000000000001,1.11,159.95,0.66,1.5750000000000002,4
Cs0.2FA0.2MA0.6PbI3,0.6,0.2,0.2,0.0,1.0,0.0,0.0,0.0,3.0,20.1,1.13,230.0,0.75,1.64,5
Cs0.2FA0.32MA0.48PbBr0.2I2.8,0.48,0.32,0.2,0.0,1.0,0.0,0.0,0.2,2.8,7.64,0.013,8.89,0.68,1.6069999999999998,1
Cs0.2FA0.66MA0.14Pb0.25Sn0.75Br0.5I2.5,0.14,0.66,0.2,0.0,0.25,0.75,0.0,0.5,2.5,10.39,0.7,207.4,0.67,1.28,2
Cs0.2FA0.66MA0.14Pb0.5Sn0.5Br0.5I2.5,0.14,0.66,0.2,0.0,0.5,0.5,0.0,0.5,2.5,10.4,0.75,220.7,0.61,1.31,2
Cs0.2FA0.66MA0.14Pb0.75Sn0.25Br0.5I2.5,0.14,0.66,0.2,0.0,0.75,0.25,0.0,0.5,2.5,9.96,0.78,175.0,0.69,1.38,2
Cs0.2FA0.66MA0.14PbBr0.5I2.5,0.14,0.66,0.2,0.0,1.0,0.0,0.0,0.5,2.5,8.575,1.04,118.5,0.64,1.6,2
Cs0.2FA0.66MA0.14SnBr0.5I2.5,0.14,0.66,0.2,0.0,0.0,1.0,0.0,0.5,2.5,0.22999999999999998,0.39,13.4,0.41,1.42,2
Cs0.2FA0.72MA0.08PbBr0.03I2.97,0.08,0.72,0.2,0.0,1.0,0.0,0.0,0.03,2.97,15.2,1.01,218.2,0.68,1.6200000000000003,1
Cs0.2FA0.75MA0.05PbBr0.51I2.49,0.05,0.75,0.2,0.0,1.0,0.0,0.0,0.51,2.49,15.2,1.022,207.0,0.72,1.63,1
Cs0.2FA0.8Pb0.25Sn0.75I3,0.0,0.8,0.2,0.0,0.25,0.75,0.0,0.0,3.0,7.83,0.56,244.4,0.5720000000000001,1.2,1
Cs0.2FA0.8Pb0.3Sn0.7I3,0.0,0.8,0.2,0.0,0.3,0.7,0.0,0.0,3.0,13.5,0.76,251.0,0.76,1.35,1
Cs0.2FA0.8Pb0.5Sn0.5I3,0.0,0.8,0.2,0.0,0.5,0.5,0.0,0.0,3.0,12.815000000000001,0.735,249.5,0.6864999999999999,1.31,2
Cs0.2FA0.8Pb0.75Sn0.25I3,0.0,0.8,0.2,0.0,0.75,0.25,0.0,0.0,3.0,14.46,0.84,227.3,0.757,1.35,1
Cs0.2FA0.8PbBr0.45Cl0.09I2.46,0.0,0.8,0.2,0.0,1.0,0.0,0.09,0.45,2.46,20.085,1.21,207.85000000000002,0.8145,1.66,4
Cs0.2FA0.8PbBr0.6I2.4,0.0,0.8,0.2,0.0,1.0,0.0,0.0,0.6,2.4,17.695,1.13,208.3,0.788,1.6800000000000002,8
Cs0.2FA0.8PbBr0.75I2.25,0.0,0.8,0.2,0.0,1.0,0.0,0.0,0.75,2.25,17.6,1.17,204.0,0.773,1.67,1
Cs0.2FA0.8PbBr0.9I2.1,0.0,0.8,0.2,0.0,1.0,0.0,0.0,0.9,2.1,15.95,1.189,179.20000000000002,0.748,1.7500000000000002,15
Cs0.2FA0.8PbBr1.05I1.95,0.0,0.8,0.2,0.0,1.0,0.0,0.0,1.05,1.95,12.1,1.08,151.0,0.73,1.76,3
Cs0.2FA0.8PbBr1.2I1.8,0.0,0.8,0.2,0.0,1.0,0.0,0.0,1.2,1.8,15.2,1.216,156.0,0.775,1.82,3
Cs0.2FA0.8PbBr1.5I1.5,0.0,0.8,0.2,0.0,1.0,0.0,0.0,1.5,1.5,11.35,1.18,130.2,0.7390000000000001,1.82,3
Cs0.2FA0.8PbI3,0.0,0.8,0.2,0.0,1.0,0.0,0.0,0.0,3.0,15.719999999999999,1.0150000000000001,228.60000000000002,0.6835,1.59,14
Cs0.2FA0.8SnI3,0.0,0.8,0.2,0.0,0.0,1.0,0.0,0.0,3.0,1.38,0.24,160.5,0.358,1.2,1
Cs0.2MA0.8Pb0.5Sn0.5I3,0.8,0.0,0.2,0.0,0.5,0.5,0.0,0.0,3.0,7.5,0.6,205.8,0.607,1.3,1
Cs0.2MA0.8PbI3,0.8,0.0,0.2,0.0,1.0,0.0,0.0,0.0,3.0,11.15,0.92,175.0,0.69,1.6200000000000003,1
Cs0.30FA0.70PbI3,0.0,0.7,0.3,0.0,1.0,0.0,0.0,0.0,3.0,15.86,1.01,207.1,0.758,1.58,1
Cs0.30MA0.70PbI3,0.7,0.0,0.3,0.0,1.0,0.0,0.0,0.0,3.0,3.78,1.04,58.5,0.62,1.58,1
Cs0.34MA0.66PbI3,0.66,0.0,0.34,0.0,1.0,0.0,0.0,0.0,3.0,17.13,1.05,220.4,0.74,1.652,1
Cs0.3FA0.2MA0.5PbI3,0.5,0.2,0.3,0.0,1.0,0.0,0.0,0.0,3.0,14.2,1.14,117.2,0.71,1.64,1
Cs0.3FA0.7Pb0.7Sn0.3I3,0.0,0.7,0.3,0.0,0.7,0.3,0.0,0.0,3.0,13.735,0.7,249.65,0.7585,1.3,6
Cs0.3FA0.7PbBr0.15I2.85,0.0,0.7,0.3,0.0,1.0,0.0,0.0,0.15,2.85,16.54,1.05,216.2,0.73,1.6200000000000003,1
Cs0.3FA0.7PbBr3,0.0,0.7,0.3,0.0,1.0,0.0,0.0,3.0,0.0,7.395,1.3395000000000001,70.85,0.7789999999999999,2.287,2
Cs0.3FA0.7PbI3,0.0,0.7,0.3,0.0,1.0,0.0,0.0,0.0,3.0,8.7,0.99,134.0,0.66,1.523,3
Cs0.3MA0.7Pb0.5Sn0.5I3,0.7,0.0,0.3,0.0,0.5,0.5,0.0,0.0,3.0,2.94,0.39,149.60000000000002,0.504,1.28,1
Cs0.40MA0.60PbI3,0.6,0.0,0.4,0.0,1.0,0.0,0.0,0.0,3.0,2.5,1.03,42.6,0.57,1.6200000000000003,1
Cs0.45FA0.55PbBr0.15I2.85,0.0,0.55,0.45,0.0,1.0,0.0,0.0,0.15,2.85,13.14,1.01,203.7,0.64,1.6200000000000003,1
Cs0.4FA0.2MA0.4PbI3,0.4,0.2,0.4,0.0,1.0,0.0,0.0,0.0,3.0,11.3,1.15,143.0,0.67,1.64,1
Cs0.4FA0.6PbBr0.9I2.1,0.0,0.6,0.4,0.0,1.0,0.0,0.0,0.9,2.1,14.5,1.14,158.0,0.78,1.76,2
Cs0.4FA0.6PbBr1.05I1.95,0.0,0.6,0.4,0.0,1.0,0.0,0.0,1.05,1.95,15.5,1.21,165.0,0.77,1.8,1
Cs0.5FA0.4MA0.1PbBr0.51I2.49,0.1,0.4,0.5,0.0,1.0,0.0,0.0,0.51,2.49,13.3,1.089,158.0,0.78,1.6999999999999995,3
Cs0.5FA0.5PbBr0.51I2.49,0.0,0.5,0.5,0.0,1.0,0.0,0.0,0.51,2.49,8.5,0.846,176.0,0.57,1.6200000000000003,1
Cs0.5FA0.5PbI3,0.0,0.5,0.5,0.0,1.0,0.0,0.0,0.0,3.0,15.8,1.1549999999999998,179.0,0.7414999999999999,1.64,4
Cs0.60MA0.40PbI3,0.4,0.0,0.6,0.0,1.0,0.0,0.0,0.0,3.0,0.79,1.01,15.0,0.52,1.6800000000000002,1
Cs0.75FA0.25PbI3,0.0,0.25,0.75,0.0,1.0,0.0,0.0,0.0,3.0,10.965,1.15,154.3,0.6200000000000001,1.685,2
Cs0.80MA0.20PbI3,0.2,0.0,0.8,0.0,1.0,0.0,0.0,0.0,3.0,0.22,0.84,0.579999999999999,0.46,1.72,1
Cs0.88FA0.12PbI3,0.0,0.12,0.88,0.0,1.0,0.0,0.0,0.0,3.0,17.490000000000002,1.013,228.6,0.765,1.51,2
Cs0.8FA0.2PbBr0.9I2.1,0.0,0.2,0.8,0.0,1.0,0.0,0.0,0.9,2.1,16.1,1.17,178.79999999999998,0.782,1.73,5
CsPb0.1Sn0.9I3,0.0,0.0,1.0,0.0,0.1,0.9,0.0,0.0,3.0,0.4,0.206,1.77,0.31,1.22,1
CsPb0.3Sn0.7I3,0.0,0.0,1.0,0.0,0.3,0.7,0.0,0.0,3.0,0.28,0.477,3.9,0.46,1.29,1
CsPb0.6Sn0.4I3,0.0,0.0,1.0,0.0,0.6,0.4,0.0,0.0,3.0,12.51,0.735,245.7,0.624,1.38,5
CsPb0.9Sn0.1Br2I,0.0,0.0,1.0,0.0,0.9,0.1,0.0,2.0,1.0,10.715,1.2650000000000001,143.9,0.615,1.7899999999999998,2
CsPb1.0BrI2,0.0,0.0,1.0,0.0,1.0,0.0,0.0,1.0,2.0,1.56,0.71,79.4,0.282,1.92,5
CsPbBr0.09I2.91,0.0,0.0,1.0,0.0,1.0,0.0,0.0,0.09,2.91,0.7,0.29,99.0,0.242,1.7700000000000002,1
CsPbBr0.15I2.85,0.0,0.0,1.0,0.0,1.0,0.0,0.0,0.15,2.85,12.71,1.012,188.7,0.7015,1.6999999999999995,10
CsPbBr0.21I2.79,0.0,0.0,1.0,0.0,1.0,0.0,0.0,0.21,2.79,5.82,0.91,143.7,0.444,1.81,1
CsPbBr0.2I2.8,0.0,0.0,1.0,0.0,1.0,0.0,0.0,0.2,2.8,10.875,1.0550000000000002,155.64999999999998,0.7444999999999999,1.82,4
CsPbBr0.31I2.69,0.0,0.0,1.0,0.0,1.0,0.0,0.0,0.31,2.69,8.645,1.02,124.6,0.6825,1.7500000000000002,8
CsPbBr0.45I2.55,0.0,0.0,1.0,0.0,1.0,0.0,0.0,0.45,2.55,15.9,1.12,163.6,0.769,1.8400000000000003,1
CsPbBr2.7I0.3,0.0,0.0,1.0,0.0,1.0,0.0,0.0,2.7,0.3,1.8900000000000001,0.995,40.849999999999994,0.485,2.32,4
CsPbBr2.8I0.2,0.0,0.0,1.0,0.0,1.0,0.0,0.0,2.8,0.2,2.575,1.085,44.400000000000006,0.525,2.35,4
CsPbBr2.9I0.1,0.0,0.0,1.0,0.0,1.0,0.0,0.0,2.9,0.1,3.0599999999999996,1.1749999999999998,46.599999999999994,0.565,2.38,4
CsPbBr2I,0.0,0.0,1.0,0.0,1.0,0.0,0.0,2.0,1.0,6.135,1.141,84.2,0.62,2.07,166
CsPbBr3,0.0,0.0,1.0,0.0,1.0,0.0,0.0,3.0,0.0,6.61,1.36,67.5,0.753,2.3,137
CsPbBrI2,0.0,0.0,1.0,0.0,1.0,0.0,0.0,1.0,2.0,11.495000000000001,1.15,143.3,0.7190000000000001,1.91,216
CsPbI3,0.0,0.0,1.0,0.0,1.0,0.0,0.0,0.0,3.0,10.7,1.05,159.0,0.66,1.72,153
CsSnBr0.5I2.5,0.0,0.0,1.0,0.0,0.0,1.0,0.0,0.5,2.5,1.6,0.444,65.76,0.55,1.375,1
CsSnBr0.6I2.4,0.0,0.0,1.0,0.0,0.0,1.0,0.0,0.6,2.4,2.02,0.563,62.25,0.5770000000000001,1.4,1
CsSnBr2.5I0.5,0.0,0.0,1.0,0.0,0.0,1.0,0.0,2.5,0.5,0.0,0.5720000000000001,0.1,0.372,2.36,1
CsSnBr2I,0.0,0.0,1.0,0.0,0.0,1.0,0.0,2.0,1.0,1.32,0.44299999999999995,74.915,0.489,1.64,2
CsSnBr3,0.0,0.0,1.0,0.0,0.0,1.0,0.0,3.0,0.0,0.355,0.4225,16.5,0.5205,1.8,18
CsSnBrI2,0.0,0.0,1.0,0.0,0.0,1.0,0.0,1.0,2.0,1.67,0.289,150.6,0.38,1.37,1
CsSnI3,0.0,0.0,1.0,0.0,0.0,1.0,0.0,0.0,3.0,1.66,0.38,93.0,0.4679999999999999,1.3,31
EA0.1MA0.9PbI3,0.9,0.0,0.0,0.1,1.0,0.0,0.0,0.0,3.0,14.01,1.01,201.2,0.6920000000000001,1.59,1
EA0.2MA0.8PbI3,0.8,0.0,0.0,0.2,1.0,0.0,0.0,0.0,3.0,13.31,1.02,192.8,0.701,1.59,1
EA0.3MA0.7PbI3,0.7,0.0,0.0,0.3,1.0,0.0,0.0,0.0,3.0,13.28,1.04,192.1,0.672,1.59,1
EA0.4MA0.6PbI3,0.6,0.0,0.0,0.4,1.0,0.0,0.0,0.0,3.0,8.95,0.96,182.0,0.522,1.59,1
EA0.5MA0.5PbBr3,0.5,0.0,0.0,0.5,1.0,0.0,0.0,3.0,0.0,3.0,1.49,31.7,0.585,2.38,2
EA0.5MA0.5PbI3,0.5,0.0,0.0,0.5,1.0,0.0,0.0,0.0,3.0,7.21,1.03,145.2,0.497,1.59,1
FA0.026MA0.974PbI3,0.974,0.026,0.0,0.0,1.0,0.0,0.0,0.0,3.0,19.47,1.043,246.7,0.764,1.516,4
FA0.02MA0.98PbI3,0.98,0.02,0.0,0.0,1.0,0.0,0.0,0.0,3.0,13.13,0.99,181.8,0.728,1.51,1
FA0.05MA0.95PbI3,0.95,0.05,0.0,0.0,1.0,0.0,0.0,0.0,3.0,15.625,1.034,219.1,0.682,1.5,8
FA0.125MA0.875PbBrI2,0.875,0.125,0.0,0.0,1.0,0.0,0.0,1.0,2.0,13.93,1.151,168.4,0.718,1.71,1
FA0.125MA0.875PbI3,0.875,0.125,0.0,0.0,1.0,0.0,0.0,0.0,3.0,18.01,1.08,219.7,0.759,1.5499999999999998,1
FA0.15MA0.85PbBr2.55I0.45,0.85,0.15,0.0,0.0,1.0,0.0,0.0,2.55,0.45,13.2,1.04,191.0,0.66,1.5300000000000002,6
FA0.15MA0.85PbI3,0.85,0.15,0.0,0.0,1.0,0.0,0.0,0.0,3.0,21.4,1.12,238.5,0.79,1.63,3
FA0.17MA0.83PbBr0.5I2.5,0.83,0.17,0.0,0.0,1.0,0.0,0.0,0.5,2.5,16.01,1.042,227.37,0.6759999999999999,1.6249999999999998,1
FA0.17MA0.83PbBr1.5I1.5,0.83,0.17,0.0,0.0,1.0,0.0,0.0,1.5,1.5,8.68,1.069,103.29,0.789,1.8580000000000003,1
FA0.17MA0.83PbBr2.5I0.5,0.83,0.17,0.0,0.0,1.0,0.0,0.0,2.5,0.5,2.31,0.951,28.27,0.8590000000000001,2.153,1
FA0.17MA0.83PbBr2I,0.83,0.17,0.0,0.0,1.0,0.0,0.0,2.0,1.0,3.48,0.939,50.95,0.736,1.989,1
FA0.17MA0.83PbBr3,0.83,0.17,0.0,0.0,1.0,0.0,0.0,3.0,0.0,7.07,1.372,62.61,0.815,2.296,1
FA0.17MA0.83PbBrI2,0.83,0.17,0.0,0.0,1.0,0.0,0.0,1.0,2.0,12.22,1.125,167.07,0.647,1.764,1
FA0.17MA0.83PbI3,0.83,0.17,0.0,0.0,1.0,0.0,0.0,0.0,3.0,11.78,1.046,187.68,0.599,1.588,1
FA0.1MA0.9Pb0.9Sn0.1I3,0.9,0.1,0.0,0.0,0.9,0.1,0.0,0.0,3.0,12.1,0.77,212.3,0.75,1.4400000000000002,1
FA0.1MA0.9PbBr2.7I0.3,0.9,0.1,0.0,0.0,1.0,0.0,0.0,2.7,0.3,0.21,0.36,19.3,0.3,2.14,1
FA0.1MA0.9PbI3,0.9,0.1,0.0,0.0,1.0,0.0,0.0,0.0,3.0,15.46,1.025,210.45,0.69,1.565,37
FA0.25MA0.75Pb0.75Sn0.25I3,0.75,0.25,0.0,0.0,0.75,0.25,0.0,0.0,3.0,12.44,0.78,245.0,0.75,1.33,7
FA0.25MA0.75PbI3,0.75,0.25,0.0,0.0,1.0,0.0,0.0,0.0,3.0,13.03,0.877,221.5,0.6709999999999999,1.54,1
FA0.25MA0.75SnI3,0.75,0.25,0.0,0.0,0.0,1.0,0.0,0.0,3.0,5.43,0.53,207.0,0.524,1.3,7
FA0.2MA0.8PbI3,0.8,0.2,0.0,0.0,1.0,0.0,0.0,0.0,3.0,14.64,1.005,196.0,0.705,1.565,8
FA0.3MA0.7Pb0.3Sn0.7I3,0.7,0.3,0.0,0.0,0.3,0.7,0.0,0.0,3.0,12.0,0.74,270.0,0.6,1.33,1
FA0.3MA0.7Pb1.0I3,0.7,0.3,0.0,0.0,1.0,0.0,0.0,0.0,3.0,16.175,1.03,218.95,0.705,1.5499999999999998,8
FA0.3MA0.7PbBr0.15I2.85,0.7,0.3,0.0,0.0,1.0,0.0,0.0,0.15,2.85,16.72,1.06,204.8,0.77,1.6,1
FA0.3MA0.7PbBr0.3I2.7,0.7,0.3,0.0,0.0,1.0,0.0,0.0,0.3,2.7,17.34,1.0,215.7,0.78,1.59,3
FA0.3MA0.7PbBr0.45I2.55,0.7,0.3,0.0,0.0,1.0,0.0,0.0,0.45,2.55,16.4,1.11,189.4,0.78,1.66,1
FA0.3MA0.7PbBr0.6I2.4,0.7,0.3,0.0,0.0,1.0,0.0,0.0,0.6,2.4,15.01,1.11,173.4,0.78,1.69,1
FA0.3MA0.7PbBr2.1I0.9,0.7,0.3,0.0,0.0,1.0,0.0,0.0,2.1,0.9,0.85,0.82,20.0,0.51,2.03,1
FA0.3MA0.7PbI3,0.7,0.3,0.0,0.0,1.0,0.0,0.0,0.0,3.0,17.27,1.06,225.3,0.73,1.58,53
FA0.44MA0.56PbBr0.33I2.67,0.56,0.44,0.0,0.0,1.0,0.0,0.0,0.33,2.67,14.0,1.01,190.35,0.748,1.6200000000000003,3
FA0.48MA0.52PbI3,0.52,0.48,0.0,0.0,1.0,0.0,0.0,0.0,3.0,17.939999999999998,1.08,228.95,0.725,1.6200000000000003,2
FA0.4MA0.6Pb0.4Sn0.6I3,0.6,0.4,0.0,0.0,0.4,0.6,0.0,0.0,3.0,14.0,0.75,288.0,0.66,1.3,1
FA0.4MA0.6PbBr0.025I2.975,0.6,0.4,0.0,0.0,1.0,0.0,0.0,0.025,2.975,16.4,1.06,215.0,0.72,1.6,1
FA0.4MA0.6PbBr0.1I2.9,0.6,0.4,0.0,0.0,1.0,0.0,0.0,0.1,2.9,16.799999999999997,1.045,214.0,0.7424999999999999,1.56,10
FA0.4MA0.6PbBr0.2I2.8,0.6,0.4,0.0,0.0,1.0,0.0,0.0,0.2,2.8,15.1,1.03,215.7,0.71,1.58,9
FA0.4MA0.6PbBr0.6I2.4,0.6,0.4,0.0,0.0,1.0,0.0,0.0,0.6,2.4,13.35,1.065,176.0,0.71,1.6800000000000002,2
FA0.4MA0.6PbI3,0.6,0.4,0.0,0.0,1.0,0.0,0.0,0.0,3.0,13.4,0.9995,210.8,0.659,1.54,14
FA0.5MA0.5Pb0.5Sn0.5I3,0.5,0.5,0.0,0.0,0.5,0.5,0.0,0.0,3.0,13.93,0.73,283.8,0.7,1.25,27
FA0.5MA0.5Pb0.75Sn0.25I3,0.5,0.5,0.0,0.0,0.75,0.25,0.0,0.0,3.0,14.0,0.78,230.3,0.79,1.33,1
FA0.5MA0.5PbBr0.5I2.5,0.5,0.5,0.0,0.0,1.0,0.0,0.0,0.5,2.5,12.87,1.04,203.63,0.608,1.612,1
FA0.5MA0.5PbBr1.5I1.5,0.5,0.5,0.0,0.0,1.0,0.0,0.0,1.5,1.5,6.109999999999999,0.9490000000000001,89.735,0.43999999999999995,1.8325,2
FA0.5MA0.5PbBr2.5I0.5,0.5,0.5,0.0,0.0,1.0,0.0,0.0,2.5,0.5,3.9,0.978,68.67999999999999,0.5820000000000001,2.141,1
FA0.5MA0.5PbBr2I,0.5,0.5,0.0,0.0,1.0,0.0,0.0,2.0,1.0,7.88,1.035,126.23,0.603,1.957,1
FA0.5MA0.5PbBr3,0.5,0.5,0.0,0.0,1.0,0.0,0.0,3.0,0.0,7.1,1.385,70.37,0.728,2.28,1
FA0.5MA0.5PbBrI2,0.5,0.5,0.0,0.0,1.0,0.0,0.0,1.0,2.0,15.33,1.104,200.36,0.685,1.751,1
FA0.5MA0.5PbI3,0.5,0.5,0.0,0.0,1.0,0.0,0.0,0.0,3.0,9.81,0.9,194.9,0.604,1.6,17
FA0.5MA0.5SnI3,0.5,0.5,0.0,0.0,0.0,1.0,0.0,0.0,3.0,4.07,0.63,134.8,0.477,1.38,1
FA0.65MA0.35PbI3,0.35,0.65,0.0,0.0,1.0,0.0,0.0,0.0,3.0,11.04,0.98,194.3,0.58,1.52,1
FA0.66MA0.34Pb0.25Sn0.75I3,0.34,0.66,0.0,0.0,0.25,0.75,0.0,0.0,3.0,7.1,0.5,222.0,0.63,1.26,1
FA0.66MA0.34Pb0.4Sn0.6I3,0.34,0.66,0.0,0.0,0.4,0.6,0.0,0.0,3.0,13.4,0.72,265.0,0.7,1.25,1
FA0.66MA0.34Pb0.5Sn0.5I3,0.34,0.66,0.0,0.0,0.5,0.5,0.0,0.0,3.0,14.3,0.75,271.0,0.71,1.26,8
FA0.66MA0.34Pb0.6Sn0.4I3,0.34,0.66,0.0,0.0,0.6,0.4,0.0,0.0,3.0,13.3,0.75,248.0,0.72,1.29,1
FA0.66MA0.34Pb0.75Sn0.25I3,0.34,0.66,0.0,0.0,0.75,0.25,0.0,0.0,3.0,12.0,0.75,211.0,0.75,1.32,1
FA0.66MA0.34PbBr0.42I2.58,0.34,0.66,0.0,0.0,1.0,0.0,0.0,0.42,2.58,16.9,1.04,221.0,0.74,1.6200000000000003,1
FA0.66MA0.34PbI3,0.34,0.66,0.0,0.0,1.0,0.0,0.0,0.0,3.0,16.3,1.005,223.0,0.76,1.533,3
FA0.66MA0.34SnI3,0.34,0.66,0.0,0.0,0.0,1.0,0.0,0.0,3.0,0.1,0.19,9.0,0.52,1.45,1
FA0.67MA0.33PbBr0.5I2.5,0.33,0.67,0.0,0.0,1.0,0.0,0.0,0.5,2.5,19.93,1.1165,232.415,0.7605,1.638,2
FA0.67MA0.33PbBr1.5I1.5,0.33,0.67,0.0,0.0,1.0,0.0,0.0,1.5,1.5,11.7,1.114,153.29000000000002,0.687,1.848,1
FA0.67MA0.33PbBr2.5I0.5,0.33,0.67,0.0,0.0,1.0,0.0,0.0,2.5,0.5,3.4,0.921,72.47999999999999,0.513,2.115,1
FA0.67MA0.33PbBr2I,0.33,0.67,0.0,0.0,1.0,0.0,0.0,2.0,1.0,5.64,0.999,95.49,0.5920000000000001,1.9690000000000003,1
FA0.67MA0.33PbBr3,0.33,0.67,0.0,0.0,1.0,0.0,0.0,3.0,0.0,5.53,1.351,69.87,0.5820000000000001,2.28,1
FA0.67MA0.33PbBrI2,0.33,0.67,0.0,0.0,1.0,0.0,0.0,1.0,2.0,18.54,1.151,214.35,0.748,1.6819999999999995,1
FA0.67MA0.33PbI3,0.33,0.67,0.0,0.0,1.0,0.0,0.0,0.0,3.0,13.86,0.971,227.04,0.628,1.528,1
FA0.6MA0.4Pb0.4Sn0.6Br0.12I2.88,0.4,0.6,0.0,0.0,0.4,0.6,0.0,0.12,2.88,18.44,0.87,286.8,0.7390000000000001,1.26,1
FA0.6MA0.4Pb0.4Sn0.6Br0.18I2.82,0.4,0.6,0.0,0.0,0.4,0.6,0.0,0.18,2.82,18.625,0.885,286.54999999999995,0.7445,1.272,2
FA0.6MA0.4Pb0.4Sn0.6Br0.24I2.76,0.4,0.6,0.0,0.0,0.4,0.6,0.0,0.24,2.76,18.58,0.882,285.4,0.738,1.28,1
FA0.6MA0.4Pb0.4Sn0.6Br0.3I2.7,0.4,0.6,0.0,0.0,0.4,0.6,0.0,0.3,2.7,10.25,0.69,246.6,0.69,1.33,7
FA0.6MA0.4Pb0.4Sn0.6Br0.48I2.52,0.4,0.6,0.0,0.0,0.4,0.6,0.0,0.48,2.52,17.84,0.884,279.5,0.722,1.32,1
FA0.6MA0.4Pb0.4Sn0.6I3,0.4,0.6,0.0,0.0,0.4,0.6,0.0,0.0,3.0,16.990000000000002,0.827,283.6,0.7115,1.25,14
FA0.6MA0.4Pb0.6Sn0.4I3,0.4,0.6,0.0,0.0,0.6,0.4,0.0,0.0,3.0,15.2,0.76,313.0,0.64,1.25,1
FA0.6MA0.4PbBr0.4I2.6,0.4,0.6,0.0,0.0,1.0,0.0,0.0,0.4,2.6,16.35,1.04,209.0,0.75,1.58,2
FA0.6MA0.4PbI3,0.4,0.6,0.0,0.0,1.0,0.0,0.0,0.0,3.0,14.305,0.98,214.45,0.6799999999999999,1.545,6
FA0.71MA0.29PbBr0.42I2.58,0.29,0.71,0.0,0.0,1.0,0.0,0.0,0.42,2.58,20.15,1.105,227.5,0.8,1.6200000000000003,2
FA0.75MA0.25Pb0.75Sn0.25I3,0.25,0.75,0.0,0.0,0.75,0.25,0.0,0.0,3.0,7.53,0.7,165.5,0.65,1.33,1
FA0.75MA0.25PbBr0.45I2.55,0.25,0.75,0.0,0.0,1.0,0.0,0.0,0.45,2.55,18.2,1.05,223.0,0.78,1.6200000000000003,1
FA0.75MA0.25PbBr0.51I2.49,0.25,0.75,0.0,0.0,1.0,0.0,0.0,0.51,2.49,10.1,0.906,186.0,0.6,1.65,1
FA0.75MA0.25PbBr0.75I2.25,0.25,0.75,0.0,0.0,1.0,0.0,0.0,0.75,2.25,14.95,1.0750000000000002,195.5,0.7115,1.61,2
FA0.75MA0.25PbI3,0.25,0.75,0.0,0.0,1.0,0.0,0.0,0.0,3.0,9.26,0.831,179.4,0.621,1.5300000000000002,1
FA0.75MA0.25SnI3,0.25,0.75,0.0,0.0,0.0,1.0,0.0,0.0,3.0,6.6,0.52,200.0,0.64,1.36,9
FA0.7MA0.3Pb0.5Sn0.5I3,0.3,0.7,0.0,0.0,0.5,0.5,0.0,0.0,3.0,17.6,0.7985,307.0,0.7,1.25,14
FA0.7MA0.3Pb0.7Sn0.3I3,0.3,0.7,0.0,0.0,0.7,0.3,0.0,0.0,3.0,9.7,0.72,190.0,0.65,1.26,7
FA0.7MA0.3PbBr0.10I2.90,0.3,0.7,0.0,0.0,1.0,0.0,0.0,0.1,2.9,17.4,1.06,234.0,0.7150000000000001,1.58,8
FA0.7MA0.3PbBr0.9I2.1,0.3,0.7,0.0,0.0,1.0,0.0,0.0,0.9,2.1,1.48,0.8,34.0,0.55,1.71,1
FA0.7MA0.3PbI3,0.3,0.7,0.0,0.0,1.0,0.0,0.0,0.0,3.0,15.23,1.05,230.5,0.6509999999999999,1.6,13
FA0.81MA0.19PbBr0.54I2.46,0.19,0.81,0.0,0.0,1.0,0.0,0.0,0.54,2.46,12.55,1.2,160.0,0.65,1.6200000000000003,4
FA0.82MA0.18PbBr0.53I2.47,0.18,0.82,0.0,0.0,1.0,0.0,0.0,0.53,2.47,11.100000000000001,1.145,156.5,0.615,1.64,2
FA0.83MA0.17PbBr0.03I2.97,0.17,0.83,0.0,0.0,1.0,0.0,0.0,0.03,2.97,15.9,1.1,201.0,0.75,1.6,5
FA0.83MA0.17PbBr0.33I2.67,0.17,0.83,0.0,0.0,1.0,0.0,0.0,0.33,2.67,19.37,1.04,244.8,0.76,1.59,3
FA0.83MA0.17PbBr0.39I2.61,0.17,0.83,0.0,0.0,1.0,0.0,0.0,0.39,2.61,16.75,1.0474999999999999,153.5,0.6799999999999999,1.6,8
FA0.83MA0.17PbBr0.46I2.54,0.17,0.83,0.0,0.0,1.0,0.0,0.0,0.46,2.54,18.0,1.12,210.0,0.75,1.57,7
FA0.83MA0.17PbBr0.47I2.53,0.17,0.83,0.0,0.0,1.0,0.0,0.0,0.47,2.53,17.310000000000002,1.1,223.5,0.702,1.61,6
FA0.83MA0.17PbBr0.49I2.51,0.17,0.83,0.0,0.0,1.0,0.0,0.0,0.49,2.51,16.08,1.08,223.1,0.68,1.6,7
FA0.83MA0.17PbBr0.50I2.50,0.17,0.83,0.0,0.0,1.0,0.0,0.0,0.5,2.5,11.649999999999999,0.99,158.0,0.73,1.627,6
FA0.83MA0.17PbBr0.51I2.49,0.17,0.83,0.0,0.0,1.0,0.0,0.0,0.51,2.49,15.71,1.06,205.0,0.7055,1.6200000000000003,123
FA0.83MA0.17PbBr0.52I2.48,0.17,0.83,0.0,0.0,1.0,0.0,0.0,0.52,2.48,13.35,1.125,185.5,0.655,1.64,6
FA0.83MA0.17PbBr0.5I2.5,0.17,0.83,0.0,0.0,1.0,0.0,0.0,0.5,2.5,16.73,1.085,214.5,0.6910000000000001,1.6,5
FA0.83MA0.17PbBr1.2I1.8,0.17,0.83,0.0,0.0,1.0,0.0,0.0,1.2,1.8,14.899999999999999,1.135,182.5,0.7150000000000001,1.72,2
FA0.83MA0.17PbBr1.5I1.5,0.17,0.83,0.0,0.0,1.0,0.0,0.0,1.5,1.5,10.655000000000001,1.0975000000000001,155.535,0.627,1.8530000000000002,2
FA0.83MA0.17PbBr2.5I0.5,0.17,0.83,0.0,0.0,1.0,0.0,0.0,2.5,0.5,3.3,0.878,88.43,0.425,2.113,1
FA0.83MA0.17PbBr2I,0.17,0.83,0.0,0.0,1.0,0.0,0.0,2.0,1.0,5.81,0.975,111.45,0.535,1.976,1
FA0.83MA0.17PbBr3,0.17,0.83,0.0,0.0,1.0,0.0,0.0,3.0,0.0,6.54,1.423,70.03999999999999,0.654,2.278,1
FA0.83MA0.17PbBrI2,0.17,0.83,0.0,0.0,1.0,0.0,0.0,1.0,2.0,14.72,1.178,190.96,0.652,1.684,1
FA0.83MA0.17PbI3,0.17,0.83,0.0,0.0,1.0,0.0,0.0,0.0,3.0,14.52,0.921,215.03,0.613,1.5350000000000001,2
FA0.84MA0.16PbBr0.4I2.6,0.16,0.84,0.0,0.0,1.0,0.0,0.0,0.4,2.6,18.884999999999998,1.089,223.6,0.771,1.5300000000000002,2
FA0.84MA0.16PbBr0.50I2.50,0.16,0.84,0.0,0.0,1.0,0.0,0.0,0.5,2.5,13.1,1.01,216.5,0.605,1.65,2
FA0.84MA0.16PbBr0.51I2.49,0.16,0.84,0.0,0.0,1.0,0.0,0.0,0.51,2.49,15.95,1.1,218.5,0.675,1.64,4
FA0.85MA0.15Pb1.0Br0.45I2.55,0.15,0.85,0.0,0.0,1.0,0.0,0.0,0.45,2.55,16.835,1.1,221.4,0.7709999999999999,1.59,8
FA0.85MA0.15PbBr0.21I2.79,0.15,0.85,0.0,0.0,1.0,0.0,0.0,0.21,2.79,16.82,1.05,228.2,0.7020000000000001,1.56,6
FA0.85MA0.15PbBr0.45I2.55,0.15,0.85,0.0,0.0,1.0,0.0,0.0,0.45,2.55,15.735,1.06,213.2,0.706,1.6,200
FA0.85MA0.15PbBr0.50I2.50,0.15,0.85,0.0,0.0,1.0,0.0,0.0,0.5,2.5,17.549999999999997,1.12,216.5,0.72,1.65,4
FA0.85MA0.15PbBr0.5I2.5,0.15,0.85,0.0,0.0,1.0,0.0,0.0,0.5,2.5,8.77,0.945,159.8,0.581,1.627,7
FA0.85MA0.15PbBr0.6I2.4,0.15,0.85,0.0,0.0,1.0,0.0,0.0,0.6,2.4,20.22,1.14,233.0,0.7609999999999999,1.616,1
FA0.85MA0.15PbI3,0.15,0.85,0.0,0.0,1.0,0.0,0.0,0.0,3.0,19.689999999999998,1.09,240.7,0.761,1.555,14
FA0.87MA0.13PbI3,0.13,0.87,0.0,0.0,1.0,0.0,0.0,0.0,3.0,18.09,1.0885,221.0,0.752,1.5,2
FA0.88MA0.12PbI3,0.12,0.88,0.0,0.0,1.0,0.0,0.0,0.0,3.0,16.6,1.06,233.0,0.725,1.5300000000000002,4
FA0.8MA0.2Pb0.8Sn0.2I3,0.2,0.8,0.0,0.0,0.8,0.2,0.0,0.0,3.0,6.0,0.53,272.0,0.4,1.27,1
FA0.8MA0.2PbBr0.2I2.8,0.2,0.8,0.0,0.0,1.0,0.0,0.0,0.2,2.8,12.75,0.955,190.5,0.665,1.5300000000000002,2
FA0.8MA0.2PbBr0.6I2.4,0.2,0.8,0.0,0.0,1.0,0.0,0.0,0.6,2.4,16.4,0.98,217.0,0.758,1.61,17
FA0.8MA0.2PbBr0.6I2.40,0.2,0.8,0.0,0.0,1.0,0.0,0.0,0.6,2.4,13.74,1.08,197.7,0.6679999999999999,1.5,5
FA0.8MA0.2PbI3,0.2,0.8,0.0,0.0,1.0,0.0,0.0,0.0,3.0,18.0,1.05,228.0,0.759,1.35,3
FA0.92MA0.08PbBr0.24I2.76,0.08,0.92,0.0,0.0,1.0,0.0,0.0,0.24,2.76,20.7,1.1,240.0,0.785,1.56,1
FA0.92MA0.08PbI3,0.08,0.92,0.0,0.0,1.0,0.0,0.0,0.0,3.0,21.37,1.12,242.4,0.7909999999999999,1.5499999999999998,19
FA0.95MA0.05PbBr0.15I2.85,0.05,0.95,0.0,0.0,1.0,0.0,0.0,0.15,2.85,20.1,1.085,234.0,0.8025,1.52,16
FA0.96MA0.04PbBr0.12I2.88,0.04,0.96,0.0,0.0,1.0,0.0,0.0,0.12,2.88,15.87,1.06,213.4,0.7,1.48,1
FA0.975MA0.025PbI3,0.025,0.975,0.0,0.0,1.0,0.0,0.0,0.0,3.0,19.16,1.08,231.3,0.77,1.48,1
FA0.976MA0.024PbBr0.075I2.925,0.024,0.976,0.0,0.0,1.0,0.0,0.0,0.075,2.925,19.65,1.1,248.5,0.7190000000000001,1.54,1
FA0.9MA0.1PbBr0.03I2.97,0.1,0.9,0.0,0.0,1.0,0.0,0.0,0.03,2.97,17.62,1.05,236.0,0.7120000000000001,1.581,1
FA0.9MA0.1PbBr0.1I2.9,0.1,0.9,0.0,0.0,1.0,0.0,0.0,0.1,2.9,18.8,1.06,230.5,0.7709999999999999,1.56,43
FA0.9MA0.1PbBr0.3I2.7,0.1,0.9,0.0,0.0,1.0,0.0,0.0,0.3,2.7,15.99,1.04,225.0,0.67,1.5,17
FA0.9MA0.1PbI3,0.1,0.9,0.0,0.0,1.0,0.0,0.0,0.0,3.0,17.845,1.06,232.9,0.778,1.525,16
FAPb0.125Sn0.875I3,0.0,1.0,0.0,0.0,0.125,0.875,0.0,0.0,3.0,0.05,0.06,29.46,0.3279999999999999,1.25,1
FAPb0.25Sn0.75I3,0.0,1.0,0.0,0.0,0.25,0.75,0.0,0.0,3.0,5.27,0.46,204.3,0.561,1.26,3
FAPb0.2Sn0.8I3,0.0,1.0,0.0,0.0,0.2,0.8,0.0,0.0,3.0,3.54,0.44999999999999996,162.0,0.476,1.29,2
FAPb0.375Sn0.625I3,0.0,1.0,0.0,0.0,0.375,0.625,0.0,0.0,3.0,6.19,0.537,176.35000000000002,0.545,1.21,1
FAPb0.4Sn0.6I3,0.0,1.0,0.0,0.0,0.4,0.6,0.0,0.0,3.0,7.890000000000001,0.602,253.8,0.516,1.29,2
FAPb0.5Sn0.5I3,0.0,1.0,0.0,0.0,0.5,0.5,0.0,0.0,3.0,10.055,0.6904999999999999,263.09999999999997,0.585,1.1949999999999998,16
FAPb0.625Sn0.375I3,0.0,1.0,0.0,0.0,0.625,0.375,0.0,0.0,3.0,6.55,0.679,118.13,0.738,1.24,1
FAPb0.75Sn0.25I3,0.0,1.0,0.0,0.0,0.75,0.25,0.0,0.0,3.0,8.795,0.75,187.8,0.647,1.38,4
FAPb0.7Sn0.3I3,0.0,1.0,0.0,0.0,0.7,0.3,0.0,0.0,3.0,12.690000000000001,0.73,238.65,0.735,1.34,8
FAPb0.875Sn0.125I3,0.0,1.0,0.0,0.0,0.875,0.125,0.0,0.0,3.0,0.54,0.3939999999999999,27.06,0.314,1.33,1
FAPb0.9Sn0.1I3,0.0,1.0,0.0,0.0,0.9,0.1,0.0,0.0,3.0,3.695,0.6054999999999999,198.95,0.305,1.43,2
FAPb1.0I3,0.0,1.0,0.0,0.0,1.0,0.0,0.0,0.0,3.0,6.84,0.85,169.3,0.475,1.48,1
FAPbBr0.15I2.85,0.0,1.0,0.0,0.0,1.0,0.0,0.0,0.15,2.85,12.48,0.99,198.2,0.63,1.6200000000000003,1
FAPbBr0.5I2.5,0.0,1.0,0.0,0.0,1.0,0.0,0.0,0.5,2.5,9.57,1.202,142.65,0.5589999999999999,1.965,1
FAPbBr0.6I2.4,0.0,1.0,0.0,0.0,1.0,0.0,0.0,0.6,2.4,9.1,1.0,136.0,0.67,1.57,1
FAPbBr1.5I1.5,0.0,1.0,0.0,0.0,1.0,0.0,0.0,1.5,1.5,8.92,1.0585,135.15,0.5835,1.93,2
FAPbBr2.1Cl0.9,0.0,1.0,0.0,0.0,1.0,0.0,0.9,2.1,0.0,2.38,1.14,34.300000000000004,0.61,2.44,1
FAPbBr2.25Cl0.75,0.0,1.0,0.0,0.0,1.0,0.0,0.75,2.25,0.0,3.79,1.23,48.4,0.64,2.39,1
FAPbBr2.43Cl0.57,0.0,1.0,0.0,0.0,1.0,0.0,0.57,2.43,0.0,7.08,1.54,71.0,0.73,2.36,2
FAPbBr2.5I0.5,0.0,1.0,0.0,0.0,1.0,0.0,0.0,2.5,0.5,5.01,1.061,96.71,0.488,2.105,1
FAPbBr2.67Cl0.33,0.0,1.0,0.0,0.0,1.0,0.0,0.33,2.67,0.0,8.22,1.49,75.1,0.73,2.3,1
FAPbBr2Cl,0.0,1.0,0.0,0.0,1.0,0.0,1.0,2.0,0.0,1.35,1.06,24.5,0.52,2.48,1
FAPbBr2I,0.0,1.0,0.0,0.0,1.0,0.0,0.0,2.0,1.0,7.52,1.138,127.69,0.518,1.9690000000000003,1
FAPbBr3,0.0,1.0,0.0,0.0,1.0,0.0,0.0,3.0,0.0,5.5,1.32,66.0,0.67,2.27,11
FAPbBrI2,0.0,1.0,0.0,0.0,1.0,0.0,0.0,1.0,2.0,1.9,0.986,38.86,0.498,2.268,1
FAPbI3,0.0,1.0,0.0,0.0,1.0,0.0,0.0,0.0,3.0,12.805,0.997,205.0,0.654,1.48,546
FASn1.0I3,0.0,1.0,0.0,0.0,0.0,1.0,0.0,0.0,3.0,3.76,0.3279999999999999,230.4,0.547,1.4,3
FASnBr0.24I2.76,0.0,1.0,0.0,0.0,0.0,1.0,0.0,0.24,2.76,3.3,0.3,185.0,0.57,1.47,1
FASnBr0.5I2.5,0.0,1.0,0.0,0.0,0.0,1.0,0.0,0.5,2.5,3.75,0.345,175.0,0.6,1.5300000000000002,1
FASnBr0.75I2.25,0.0,1.0,0.0,0.0,0.0,1.0,0.0,0.75,2.25,4.575,0.392,184.0,0.6545000000000001,1.63,2
FASnBr3,0.0,1.0,0.0,0.0,0.0,1.0,0.0,3.0,0.0,2.56,0.35,101.9,0.71,1.6,1
FASnBrI2,0.0,1.0,0.0,0.0,0.0,1.0,0.0,1.0,2.0,4.79,0.47,171.29999999999998,0.614,1.5499999999999998,7
FASnI3,0.0,1.0,0.0,0.0,0.0,1.0,0.0,0.0,3.0,3.71,0.33,185.4,0.588,1.4,55
MAPb0.125Sn0.875I3,1.0,0.0,0.0,0.0,0.125,0.875,0.0,0.0,3.0,1.53,0.238,142.0,0.45,1.18,1
MAPb0.25Sn0.75Br1.2I1.8,1.0,0.0,0.0,0.0,0.25,0.75,0.0,1.2,1.8,0.71,0.41,27.6,0.63,1.34,1
MAPb0.25Sn0.75I3,1.0,0.0,0.0,0.0,0.25,0.75,0.0,0.0,3.0,3.74,0.366,175.5,0.515,1.25,13
MAPb0.2Sn0.8Br0.4I2.6,1.0,0.0,0.0,0.0,0.2,0.8,0.0,0.4,2.6,7.88,0.79,158.8,0.625,1.26,1
MAPb0.2Sn0.8I3,1.0,0.0,0.0,0.0,0.2,0.8,0.0,0.0,3.0,7.335,0.6655,196.5,0.5614999999999999,1.2045,2
MAPb0.375Sn0.625I3,1.0,0.0,0.0,0.0,0.375,0.625,0.0,0.0,3.0,6.74,0.481,240.0,0.58,1.2,1
MAPb0.38Sn0.62I3,1.0,0.0,0.0,0.0,0.38,0.62,0.0,0.0,3.0,13.1,0.7829999999999999,250.4,0.6910000000000001,1.22,2
MAPb0.3Sn0.7I3,1.0,0.0,0.0,0.0,0.3,0.7,0.0,0.0,3.0,0.13,0.04,131.4,0.25,1.17,1
MAPb0.4Sn0.6Br0.4I2.6,1.0,0.0,0.0,0.0,0.4,0.6,0.0,0.4,2.6,11.754999999999999,0.795,205.2,0.7215,1.26,2
MAPb0.4Sn0.6Br0.6I2.4,1.0,0.0,0.0,0.0,0.4,0.6,0.0,0.6,2.4,11.5,0.71,238.2,0.68,1.24,1
MAPb0.4Sn0.6Br0.9I2.1,1.0,0.0,0.0,0.0,0.4,0.6,0.0,0.9,2.1,11.6,0.76,235.3,0.65,1.25,1
MAPb0.4Sn0.6Br1.2I1.8,1.0,0.0,0.0,0.0,0.4,0.6,0.0,1.2,1.8,11.9,0.78,209.5,0.73,1.26,1
MAPb0.4Sn0.6Br1.5I1.5,1.0,0.0,0.0,0.0,0.4,0.6,0.0,1.5,1.5,10.4,0.73,211.8,0.67,1.27,1
MAPb0.4Sn0.6Br1.8I1.2,1.0,0.0,0.0,0.0,0.4,0.6,0.0,1.8,1.2,10.9,0.76,213.8,0.67,1.29,1
MAPb0.4Sn0.6Br2.1I0.9,1.0,0.0,0.0,0.0,0.4,0.6,0.0,2.1,0.9,9.8,0.79,187.1,0.67,1.3,1
MAPb0.4Sn0.6Br2.4I0.6,1.0,0.0,0.0,0.0,0.4,0.6,0.0,2.4,0.6,9.2,0.74,196.2,0.64,1.32,1
MAPb0.4Sn0.6I3,1.0,0.0,0.0,0.0,0.4,0.6,0.0,0.0,3.0,10.0,0.767,205.0,0.631,1.27,1
MAPb0.50Sn0.50Br1.2I1.8,1.0,0.0,0.0,0.0,0.5,0.5,0.0,1.2,1.8,2.34,0.57,60.2,0.68,1.48,1
MAPb0.5Sn0.5Br0.6I2.4,1.0,0.0,0.0,0.0,0.5,0.5,0.0,0.6,2.4,16.29,0.895,243.7,0.7525,1.35,4
MAPb0.5Sn0.5I3,1.0,0.0,0.0,0.0,0.5,0.5,0.0,0.0,3.0,6.68,0.587,199.60000000000002,0.6074999999999999,1.22,20
MAPb0.625Sn0.375I3,1.0,0.0,0.0,0.0,0.625,0.375,0.0,0.0,3.0,10.87,0.69,244.0,0.645,1.25,1
MAPb0.65Sn0.35I3,1.0,0.0,0.0,0.0,0.65,0.35,0.0,0.0,3.0,9.37,0.75,210.3,0.6,1.25,1
MAPb0.6Sn0.4Br0.4I2.6,1.0,0.0,0.0,0.0,0.6,0.4,0.0,0.4,2.6,13.4,0.8,233.8,0.716,1.26,1
MAPb0.6Sn0.4I3,1.0,0.0,0.0,0.0,0.6,0.4,0.0,0.0,3.0,8.2,0.745,178.0,0.616,1.39,1
MAPb0.75Sn0.25Br0.3I2.7,1.0,0.0,0.0,0.0,0.75,0.25,0.0,0.3,2.7,14.49,0.85,218.6,0.78,1.43,1
MAPb0.75Sn0.25Br0.6I2.4,1.0,0.0,0.0,0.0,0.75,0.25,0.0,0.6,2.4,14.1,0.87,210.5,0.77,1.48,1
MAPb0.75Sn0.25Br0.9I2.1,1.0,0.0,0.0,0.0,0.75,0.25,0.0,0.9,2.1,13.41,0.9,196.0,0.76,1.5300000000000002,1
MAPb0.75Sn0.25Br1.2I1.8,1.0,0.0,0.0,0.0,0.75,0.25,0.0,1.2,1.8,11.93,0.91,172.5,0.76,1.59,2
MAPb0.75Sn0.25Br1.5I1.5,1.0,0.0,0.0,0.0,0.75,0.25,0.0,1.5,1.5,11.5,0.94,163.1,0.75,1.65,1
MAPb0.75Sn0.25Br1.8I1.2,1.0,0.0,0.0,0.0,0.75,0.25,0.0,1.8,1.2,11.805,1.0150000000000001,153.39999999999998,0.76,1.73,2
MAPb0.75Sn0.25Br2.1I0.9,1.0,0.0,0.0,0.0,0.75,0.25,0.0,2.1,0.9,6.31,1.01,93.3,0.67,1.8,1
MAPb0.75Sn0.25Br2.4I0.6,1.0,0.0,0.0,0.0,0.75,0.25,0.0,2.4,0.6,3.79,0.97,62.1,0.63,1.9,1
MAPb0.75Sn0.25Br2.7I0.3,1.0,0.0,0.0,0.0,0.75,0.25,0.0,2.7,0.3,2.52,0.91,44.7,0.62,1.99,1
MAPb0.75Sn0.25Br3,1.0,0.0,0.0,0.0,0.75,0.25,0.0,3.0,0.0,1.49,0.76,32.2,0.61,2.03,1
MAPb0.75Sn0.25I3,1.0,0.0,0.0,0.0,0.75,0.25,0.0,0.0,3.0,10.7,0.733,224.6,0.646,1.3,31
MAPb0.7Sn0.3I3,1.0,0.0,0.0,0.0,0.7,0.3,0.0,0.0,3.0,5.595,0.461,176.5,0.502,1.2850000000000001,2
MAPb0.85Sn0.15I3,1.0,0.0,0.0,0.0,0.85,0.15,0.0,0.0,3.0,9.485,0.74,208.5,0.5585,1.3450000000000002,6
MAPb0.875Sn0.125I3,1.0,0.0,0.0,0.0,0.875,0.125,0.0,0.0,3.0,13.64,0.813,216.0,0.7759999999999999,1.42,1
MAPb0.8Sn0.2Br0.4I2.6,1.0,0.0,0.0,0.0,0.8,0.2,0.0,0.4,2.6,8.04,0.62,193.4,0.67,1.26,1
MAPb0.8Sn0.2I3,1.0,0.0,0.0,0.0,0.8,0.2,0.0,0.0,3.0,5.9,0.773,118.0,0.65,1.5,1
MAPb0.95Sn0.05I3,1.0,0.0,0.0,0.0,0.95,0.05,0.0,0.0,3.0,11.63,0.969,206.4,0.581,1.5,2
MAPb0.9Sn0.1I3,1.0,0.0,0.0,0.0,0.9,0.1,0.0,0.0,3.0,9.52,0.906,203.2,0.546,1.5,6
MAPb1.0Br0.15I2.85,1.0,0.0,0.0,0.0,1.0,0.0,0.0,0.15,2.85,13.43,1.01,203.3,0.655,1.57,2
MAPb1.0Br0.3I2.7,1.0,0.0,0.0,0.0,1.0,0.0,0.0,0.3,2.7,14.545000000000002,1.02,206.45,0.685,1.58,2
MAPb1.0Br0.45I2.55,1.0,0.0,0.0,0.0,1.0,0.0,0.0,0.45,2.55,14.245000000000001,1.02,205.8,0.6799999999999999,1.6,2
MAPb1.0Br0.6I2.4,1.0,0.0,0.0,0.0,1.0,0.0,0.0,0.6,2.4,12.815000000000001,1.0350000000000001,202.75,0.61,1.6200000000000003,2
MAPb1.0Br1.5I1.5,1.0,0.0,0.0,0.0,1.0,0.0,0.0,1.5,1.5,2.55,0.75,96.0,0.35,1.72,1
MAPb1.0Br3,1.0,0.0,0.0,0.0,1.0,0.0,0.0,3.0,0.0,3.375,0.745,97.3,0.474,2.1100000000000003,2
MAPb1.0BrI2,1.0,0.0,0.0,0.0,1.0,0.0,0.0,1.0,2.0,3.88,0.66,120.1,0.493,1.6,1
MAPb1.0Cl3,1.0,0.0,0.0,0.0,1.0,0.0,3.0,0.0,0.0,2.68,0.56,122.6,0.392,2.8,1
MAPb1.0ClI2,1.0,0.0,0.0,0.0,1.0,0.0,1.0,0.0,2.0,1.58,0.5,95.6,0.3339999999999999,2.7,1
MAPb1.0I3,1.0,0.0,0.0,0.0,1.0,0.0,0.0,0.0,3.0,12.8,0.99,201.6,0.68,1.5499999999999998,329
MAPbBr0.02I2.98,1.0,0.0,0.0,0.0,1.0,0.0,0.0,0.02,2.98,5.5,0.1,90.0,0.49,1.6,1
MAPbBr0.03I2.97,1.0,0.0,0.0,0.0,1.0,0.0,0.0,0.03,2.97,15.42,1.06,211.5,0.69,1.6,1
MAPbBr0.05I2.95,1.0,0.0,0.0,0.0,1.0,0.0,0.0,0.05,2.95,9.7,0.962,179.0,0.59,1.57,3
MAPbBr0.075I2.925,1.0,0.0,0.0,0.0,1.0,0.0,0.0,0.075,2.925,10.4,0.95,175.0,0.642,1.61,3
MAPbBr0.08I2.92,1.0,0.0,0.0,0.0,1.0,0.0,0.0,0.08,2.92,7.0,0.742,162.0,0.5820000000000001,1.6,1
MAPbBr0.09I2.91,1.0,0.0,0.0,0.0,1.0,0.0,0.0,0.09,2.91,11.2,1.026,189.6,0.65,1.61,3
MAPbBr0.11I2.89,1.0,0.0,0.0,0.0,1.0,0.0,0.0,0.11,2.89,16.75,1.052,230.8,0.69,1.585,1
MAPbBr0.12I2.88,1.0,0.0,0.0,0.0,1.0,0.0,0.0,0.12,2.88,13.3,0.99,216.2,0.623,1.6,1
MAPbBr0.14I2.86,1.0,0.0,0.0,0.0,1.0,0.0,0.0,0.14,2.86,18.02,1.064,235.2,0.72,1.591,1
MAPbBr0.15I2.85,1.0,0.0,0.0,0.0,1.0,0.0,0.0,0.15,2.85,15.6,1.07,230.0,0.6970000000000001,1.59,9
MAPbBr0.18I2.82,1.0,0.0,0.0,0.0,1.0,0.0,0.0,0.18,2.82,10.78,0.887,172.51999999999998,0.594,1.604,1
MAPbBr0.1I2.9,1.0,0.0,0.0,0.0,1.0,0.0,0.0,0.1,2.9,14.23,1.005,215.4,0.66,1.6,6
MAPbBr0.225I2.775,1.0,0.0,0.0,0.0,1.0,0.0,0.0,0.225,2.775,12.57,1.045,180.0,0.657,1.62,2
MAPbBr0.25I2.75,1.0,0.0,0.0,0.0,1.0,0.0,0.0,0.25,2.75,10.77,0.98,167.8,0.66,1.65,1
MAPbBr0.2I2.8,1.0,0.0,0.0,0.0,1.0,0.0,0.0,0.2,2.8,15.53,1.02,211.0,0.7,1.6200000000000003,5
MAPbBr0.30I2.70,1.0,0.0,0.0,0.0,1.0,0.0,0.0,0.3,2.7,8.57,0.82,172.7,0.61,1.65,1
MAPbBr0.33I2.67,1.0,0.0,0.0,0.0,1.0,0.0,0.0,0.33,2.67,12.1,1.01,204.4,0.619,1.6200000000000003,9
MAPbBr0.36I2.64,1.0,0.0,0.0,0.0,1.0,0.0,0.0,0.36,2.64,8.13,0.89,138.9,0.653,1.6200000000000003,1
MAPbBr0.39I2.61,1.0,0.0,0.0,0.0,1.0,0.0,0.0,0.39,2.61,10.38,0.901,163.86,0.6,1.6410000000000002,1
MAPbBr0.3I2.7,1.0,0.0,0.0,0.0,1.0,0.0,0.0,0.3,2.7,14.07,1.05,193.0,0.69,1.5,23
MAPbBr0.45I2.55,1.0,0.0,0.0,0.0,1.0,0.0,0.0,0.45,2.55,8.38,0.87,174.1,0.568,1.65,3
MAPbBr0.4I2.6,1.0,0.0,0.0,0.0,1.0,0.0,0.0,0.4,2.6,15.75,1.0550000000000002,202.0,0.735,1.67,8
MAPbBr0.56I2.44,1.0,0.0,0.0,0.0,1.0,0.0,0.0,0.56,2.44,13.5,0.99,195.0,0.7,1.6800000000000002,1
MAPbBr0.5I2.5,1.0,0.0,0.0,0.0,1.0,0.0,0.0,0.5,2.5,11.03,1.0,182.87,0.6559999999999999,1.656,7
MAPbBr0.6Cl2.4,1.0,0.0,0.0,0.0,1.0,0.0,2.4,0.6,0.0,0.42,1.13,8.5,0.43,2.83,1
MAPbBr0.6I2.4,1.0,0.0,0.0,0.0,1.0,0.0,0.0,0.6,2.4,11.2,1.0,169.5,0.6465000000000001,1.6999999999999995,24
MAPbBr0.75I2.25,1.0,0.0,0.0,0.0,1.0,0.0,0.0,0.75,2.25,9.99,0.966,203.0,0.54,1.6999999999999995,5
MAPbBr0.78I2.22,1.0,0.0,0.0,0.0,1.0,0.0,0.0,0.78,2.22,6.13,0.936,103.9,0.62,1.69,1
MAPbBr0.7I2.3,1.0,0.0,0.0,0.0,1.0,0.0,0.0,0.7,2.3,10.39,0.99,186.6,0.56,1.6800000000000002,1
MAPbBr0.81I2.19,1.0,0.0,0.0,0.0,1.0,0.0,0.0,0.81,2.19,14.82,1.12,166.8,0.78,1.71,5
MAPbBr0.87I2.13,1.0,0.0,0.0,0.0,1.0,0.0,0.0,0.87,2.13,13.055,1.0175,180.26,0.6635,1.7149999999999999,2
MAPbBr0.8I2.2,1.0,0.0,0.0,0.0,1.0,0.0,0.0,0.8,2.2,14.9,1.21,158.0,0.779,1.7500000000000002,1
MAPbBr0.9I2.1,1.0,0.0,0.0,0.0,1.0,0.0,0.0,0.9,2.1,8.5,0.93,162.0,0.57,1.6999999999999995,7
MAPbBr1.14I1.86,1.0,0.0,0.0,0.0,1.0,0.0,0.0,1.14,1.86,7.5,,,,1.777,1
MAPbBr1.26I1.74,1.0,0.0,0.0,0.0,1.0,0.0,0.0,1.26,1.74,4.63,0.898,82.0,0.6579999999999999,1.7899999999999998,1
MAPbBr1.2I1.8,1.0,0.0,0.0,0.0,1.0,0.0,0.0,1.2,1.8,8.7,1.06,121.0,0.69,1.7700000000000002,13
MAPbBr1.41I1.59,1.0,0.0,0.0,0.0,1.0,0.0,0.0,1.41,1.59,5.5,,,,1.7909999999999997,1
MAPbBr1.5Cl1.5,1.0,0.0,0.0,0.0,1.0,0.0,1.5,1.5,0.0,1.08,1.43,18.0,0.7,2.65,1
MAPbBr1.5I1.5,1.0,0.0,0.0,0.0,1.0,0.0,0.0,1.5,1.5,8.58,1.117,72.30000000000001,0.69,1.87,5
MAPbBr1.74I1.26,1.0,0.0,0.0,0.0,1.0,0.0,0.0,1.74,1.26,5.1,0.843,84.41000000000001,0.5489999999999999,1.924,1
MAPbBr1.77I1.23,1.0,0.0,0.0,0.0,1.0,0.0,0.0,1.77,1.23,2.8,0.8340000000000001,63.5,0.524,1.96,1
MAPbBr1.7I1.3,1.0,0.0,0.0,0.0,1.0,0.0,0.0,1.7,1.3,5.8,1.14,90.0,0.57,1.94,1
MAPbBr1.8I1.2,1.0,0.0,0.0,0.0,1.0,0.0,0.0,1.8,1.2,1.2,1.182,17.8,0.55,1.92,1
MAPbBr2.13I0.87,1.0,0.0,0.0,0.0,1.0,0.0,0.0,2.13,0.87,3.77,,,,2.033,1
MAPbBr2.16I0.84,1.0,0.0,0.0,0.0,1.0,0.0,0.0,2.16,0.84,1.39,0.94,31.8,0.485,2.01,1
MAPbBr2.25I0.75,1.0,0.0,0.0,0.0,1.0,0.0,0.0,2.25,0.75,1.6749999999999998,0.84,53.05,0.385,1.67,2
MAPbBr2.52I0.48,1.0,0.0,0.0,0.0,1.0,0.0,0.0,2.52,0.48,3.91,,,,2.154,1
MAPbBr2.5I0.5,1.0,0.0,0.0,0.0,1.0,0.0,0.0,2.5,0.5,3.46,1.074,30.32,1.067,2.161,1
MAPbBr2.85I0.15,1.0,0.0,0.0,0.0,1.0,0.0,0.0,2.85,0.15,1.03,0.8320000000000001,23.8,0.498,2.23,1
MAPbBr2Cl,1.0,0.0,0.0,0.0,1.0,0.0,1.0,2.0,0.0,2.27,1.31,25.0,0.72,2.52,1
MAPbBr2I,1.0,0.0,0.0,0.0,1.0,0.0,0.0,2.0,1.0,4.035,0.865,85.4,0.5665,1.98,10
MAPbBr3,1.0,0.0,0.0,0.0,1.0,0.0,0.0,3.0,0.0,3.8099999999999996,1.25,52.0,0.621,2.3,136
MAPbBrCl2,1.0,0.0,0.0,0.0,1.0,0.0,2.0,1.0,0.0,0.57,1.43,11.0,0.77,2.75,1
MAPbBrI2,1.0,0.0,0.0,0.0,1.0,0.0,0.0,1.0,2.0,10.065,1.0135,145.55,0.6585000000000001,1.7899999999999998,28
MAPbCl3,1.0,0.0,0.0,0.0,1.0,0.0,3.0,0.0,0.0,0.28,1.38,4.45,0.522,3.045,2
MAPbI3,1.0,0.0,0.0,0.0,1.0,0.0,0.0,0.0,3.0,12.28,0.972,194.0,0.67,1.6,25671
MASnBr0.42I2.58,1.0,0.0,0.0,0.0,0.0,1.0,0.0,0.42,2.58,1.66,0.38,134.0,0.322,1.4,1
MASnBr0.6I2.4,1.0,0.0,0.0,0.0,0.0,1.0,0.0,0.6,2.4,0.81,0.19,133.4,0.321,1.36,1
MASnBr1.2I1.8,1.0,0.0,0.0,0.0,0.0,1.0,0.0,1.2,1.8,0.07,0.15,10.3,0.51,1.6,1
MASnBr1.5Cl0.5I,1.0,0.0,0.0,0.0,0.0,1.0,0.5,1.5,1.0,1.87,0.356,110.6,0.475,1.97,1
MASnBr1.5I1.5,1.0,0.0,0.0,0.0,0.0,1.0,0.0,1.5,1.5,1.855,0.611,113.69999999999999,0.39849999999999997,1.62,2
MASnBr1.8Cl0.2I,1.0,0.0,0.0,0.0,0.0,1.0,0.2,1.8,1.0,3.1,0.38,139.9,0.573,1.87,1
MASnBr2.64I0.36,1.0,0.0,0.0,0.0,0.0,1.0,0.0,2.64,0.36,3.03,0.63,102.8,0.4679999999999999,1.83,1
MASnBr2I,1.0,0.0,0.0,0.0,0.0,1.0,0.0,2.0,1.0,2.02,0.42,113.6,0.4774999999999999,1.7700000000000002,20
MASnBr3,1.0,0.0,0.0,0.0,0.0,1.0,0.0,3.0,0.0,2.31,0.69,82.6,0.368,2.15,3
MASnBrI2,1.0,0.0,0.0,0.0,0.0,1.0,0.0,1.0,2.0,2.45,0.41,143.8,0.474,1.49,3
MASnCl3,1.0,0.0,0.0,0.0,0.0,1.0,3.0,0.0,0.0,1.61,0.515,96.0,0.55,2.2,7
MASnI3,1.0,0.0,0.0,0.0,0.0,1.0,0.0,0.0,3.0,1.275,0.33,137.85,0.3845,1.3,40
